,Acton Town                         ,Aldgate                            ,Aldgate East                       ,Alperton                           ,Amersham                           ,Angel                              ,Archway                            ,Arnos Grove                        ,Arsenal                            ,Baker Street                       ,Balham                             ,Bank & Monument                    ,Barbican                           ,Barking                            ,Barkingside                        ,Barons Court                       ,Bayswater                          ,Becontree                          ,Belsize Park                       ,Bermondsey                         ,Bethnal Green                      ,Blackfriars                        ,Blackhorse Road                    ,Bond Street                        ,Borough                            ,Boston Manor                       ,Bounds Green                       ,Bow Road                           ,Brent Cross                        ,Brixton                            ,Bromley-by-Bow                     ,Buckhurst Hill                     ,Burnt Oak                          ,Caledonian Road                    ,Camden Town                        ,Canada Water                       ,Canary Wharf                       ,Canning Town                       ,Cannon Street                      ,Canons Park                        ,Chalfont & Latimer                 ,Chalk Farm                         ,Chancery Lane                      ,Charing Cross                      ,Chesham                            ,Chigwell                           ,Chiswick Park                      ,Chorleywood                        ,Clapham Common                     ,Clapham North                      ,Clapham South                      ,Cockfosters                        ,Colindale                          ,Colliers Wood                      ,Covent Garden                      ,Croxley                            ,Dagenham East                      ,Dagenham Heathway                  ,Debden                             ,Dollis Hill                        ,Ealing Broadway                    ,Ealing Common                      ,Earl's Court                       ,East Acton                         ,East Finchley                      ,East Ham                           ,East Putney                        ,Eastcote                           ,Edgware                            ,Edgware Road (Bak)                 ,Edgware Road (Cir)                 ,Elephant & Castle                  ,Elm Park                           ,Embankment                         ,Epping                             ,Euston                             ,Euston Square                      ,Fairlop                            ,Farringdon                         ,Finchley Central                   ,Finchley Road                      ,Finsbury Park                      ,Fulham Broadway                    ,Gants Hill                         ,Gloucester Road                    ,Golders Green                      ,Goldhawk Road                      ,Goodge Street                      ,Grange Hill                        ,Great Portland Street              ,Green Park                         ,Greenford                          ,Gunnersbury                        ,Hainault                           ,Hammersmith (Dis)                  ,Hammersmith (H&C)                  ,Hampstead                          ,Hanger Lane                        ,Harlesden                          ,Harrow & Wealdstone                ,Harrow-on-the-Hill                 ,Hatton Cross                       ,Heathrow Terminals 123             ,Heathrow Terminal 4                ,Heathrow Terminal 5                ,Hendon Central                     ,High Barnet                        ,High Street Kensington             ,Highbury & Islington               ,Highgate                           ,Hillingdon                         ,Holborn                            ,Holland Park                       ,Holloway Road                      ,Hornchurch                         ,Hounslow Central                   ,Hounslow East                      ,Hounslow West                      ,Hyde Park Corner                   ,Ickenham                           ,Kennington                         ,Kensal Green                       ,Kensington (Olympia)               ,Kentish Town                       ,Kenton                             ,Kew Gardens                        ,Kilburn                            ,Kilburn Park                       ,King's Cross St. Pancras           ,Kingsbury                          ,Knightsbridge                      ,Ladbroke Grove                     ,Lambeth North                      ,Lancaster Gate                     ,Latimer Road                       ,Leicester Square                   ,Leyton                             ,Leytonstone                        ,Liverpool Street                   ,London Bridge                      ,Loughton                           ,Maida Vale                         ,Manor House                        ,Mansion House                      ,Marble Arch                        ,Marylebone                         ,Mile End                           ,Mill Hill East                     ,Moor Park                          ,Moorgate                           ,Morden                             ,Mornington Crescent                ,Neasden                            ,Newbury Park                       ,North Acton                        ,North Ealing                       ,North Greenwich                    ,North Harrow                       ,North Wembley                      ,Northfields                        ,Northolt                           ,Northwick Park                     ,Northwood                          ,Northwood Hills                    ,Notting Hill Gate                  ,Oakwood                            ,Old Street                         ,Osterley                           ,Oval                               ,Oxford Circus                      ,Paddington                         ,Park Royal                         ,Parsons Green                      ,Perivale                           ,Piccadilly Circus                  ,Pimlico                            ,Pinner                             ,Plaistow                           ,Preston Road                       ,Putney Bridge                      ,Queen's Park                       ,Queensbury                         ,Queensway                          ,Ravenscourt Park                   ,Rayners Lane                       ,Redbridge                          ,Regent's Park                      ,Richmond                           ,Rickmansworth                      ,Roding Valley                      ,Royal Oak                          ,Ruislip                            ,Ruislip Gardens                    ,Ruislip Manor                      ,Russell Square                     ,Seven Sisters                      ,Shepherd's Bush (Cen)              ,Shepherd's Bush (H&C)              ,Sloane Square                      ,Snaresbrook                        ,South Ealing                       ,South Harrow                       ,South Kensington                   ,South Kenton                       ,South Ruislip                      ,South Wimbledon                    ,South Woodford                     ,Southfields                        ,Southgate                          ,Southwark                          ,St. James's Park                   ,St. John's Wood                    ,St. Paul's                         ,Stamford Brook                     ,Stanmore                           ,Stepney Green                      ,Stockwell                          ,Stonebridge Park                   ,Stratford                          ,Sudbury Hill                       ,Sudbury Town                       ,Swiss Cottage                      ,Temple                             ,Theydon Bois                       ,Tooting Bec                        ,Tooting Broadway                   ,Tottenham Court Road               ,Tottenham Hale                     ,Totteridge & Whetstone             ,Tower Hill                         ,Tufnell Park                       ,Turnham Green                      ,Turnpike Lane                      ,Upminster                          ,Upminster Bridge                   ,Upney                              ,Upton Park                         ,Uxbridge                           ,Vauxhall                           ,Victoria                           ,Walthamstow Central                ,Wanstead                           ,Warren Street                      ,Warwick Avenue                     ,Waterloo                           ,Watford                            ,Wembley Central                    ,Wembley Park                       ,West Acton                         ,West Brompton                      ,West Finchley                      ,West Ham                           ,West Hampstead                     ,West Harrow                        ,West Kensington                    ,West Ruislip                       ,Westbourne Park                    ,Westminster                        ,White City                         ,Whitechapel                        ,Willesden Green                    ,Willesden Junction                 ,Wimbledon                          ,Wimbledon Park                     ,Wood Green                         ,Wood Lane                          ,Woodford                           ,Woodside Park                      
00:00:00,85,40,124,37,27,235,158,63,62,112,196,109,51,151,12,64,66,24,78,123,281,25,116,68,70,29,103,119,34,485,38,24,48,86,341,226,303,147,0,22,18,70,41,116,6,3,25,8,222,154,129,28,57,104,69,8,17,44,20,28,192,54,318,51,83,185,66,26,58,45,47,392,18,75,43,280,22,10,94,69,112,348,82,71,175,129,22,26,4,30,92,41,23,29,299,61,42,42,14,24,99,30,64,9,6,93,46,73,283,83,26,107,31,101,15,44,63,41,23,13,114,36,0,100,9,29,160,57,825,27,40,41,37,108,12,379,224,169,511,725,37,42,217,11,90,55,237,16,6,33,113,56,30,50,78,12,200,14,13,74,58,39,26,15,151,46,332,29,119,214,384,12,61,24,375,103,25,91,36,76,80,25,143,26,39,37,21,120,29,2,21,15,13,20,140,219,199,34,58,35,52,28,142,10,27,69,75,75,75,114,22,61,45,32,61,59,162,19,387,21,19,87,25,9,134,200,186,101,33,180,74,99,185,20,2,16,145,63,407,669,260,38,59,58,664,17,55,128,23,43,19,38,127,19,51,17,33,46,50,98,156,18,120,21,174,13,68,55
00:15:00,79,29,127,35,35,214,148,56,63,98,187,117,43,123,9,66,57,21,77,110,233,19,113,72,64,27,98,117,32,407,36,26,40,83,299,222,263,135,0,19,20,67,35,84,11,3,24,15,208,155,131,24,49,93,48,7,18,40,17,28,180,56,317,53,87,184,56,21,61,40,46,362,18,73,46,189,16,9,89,61,109,337,85,77,141,131,17,19,5,20,116,40,19,30,258,55,47,39,12,24,86,33,48,4,5,92,48,84,270,79,17,111,27,98,13,39,58,39,21,10,132,35,0,84,8,24,166,59,695,29,34,39,36,89,11,306,199,171,438,554,39,42,219,6,75,24,215,19,5,34,110,50,33,35,77,13,190,14,11,72,52,34,27,14,149,40,312,22,120,229,291,12,57,20,296,85,26,82,36,62,88,27,122,25,32,42,16,90,22,1,20,12,9,14,101,232,180,33,51,36,49,28,124,7,19,65,65,70,69,97,17,51,34,29,48,46,171,13,386,21,19,80,16,9,125,188,179,86,31,131,70,97,193,16,3,14,131,54,326,477,223,36,52,53,469,18,46,112,21,35,19,35,129,18,40,23,31,44,55,86,160,2,109,21,171,12,59,59
00:30:00,80,20,104,24,30,148,106,50,47,90,161,118,28,79,10,54,44,18,56,80,160,11,89,61,49,21,97,93,23,379,29,19,36,58,192,168,172,122,0,18,15,53,27,57,6,0,21,4,170,135,110,19,43,91,16,5,15,24,20,23,175,44,244,44,71,158,65,17,57,32,54,284,17,70,39,113,15,7,64,56,76,258,61,66,83,120,13,13,0,16,119,34,16,26,226,54,38,34,9,22,88,31,31,2,3,68,43,74,181,60,11,102,17,80,13,37,53,34,14,7,111,25,0,67,5,19,133,48,532,28,21,30,22,56,8,188,178,154,288,363,32,35,195,4,40,15,178,11,5,28,109,33,26,35,66,11,165,14,5,74,41,33,21,12,112,38,199,20,99,177,194,9,41,14,174,46,24,75,32,58,92,25,80,20,36,33,9,40,18,0,15,11,10,10,64,196,149,24,34,20,52,25,88,5,23,66,49,67,67,61,12,35,21,27,38,36,161,19,324,23,17,46,8,10,106,190,128,62,28,67,57,85,175,14,5,11,103,45,193,268,219,31,37,36,271,17,26,101,17,24,19,30,98,10,38,22,25,34,50,76,136,0,108,16,160,8,52,49
00:45:00,67,12,73,12,22,60,62,37,25,56,116,107,9,44,8,28,21,13,27,38,97,8,67,30,32,17,77,56,17,254,18,16,31,24,77,87,86,100,0,15,9,28,0,22,4,0,15,15,122,90,76,17,32,74,0,5,12,18,16,17,128,34,153,27,54,131,49,19,40,18,43,154,13,49,30,75,11,6,23,43,48,119,34,46,41,77,11,5,0,11,82,33,11,27,134,45,21,16,7,14,70,26,17,0,3,54,27,50,47,47,9,60,8,38,11,31,44,30,5,7,68,12,0,37,0,12,63,17,295,20,7,17,11,26,5,59,101,98,98,174,31,17,112,3,13,9,100,5,4,13,95,19,15,23,40,6,119,13,1,59,40,26,11,10,66,35,59,21,46,98,89,5,25,11,62,9,20,51,20,34,62,21,30,13,30,20,5,27,14,0,12,9,11,12,21,105,108,20,18,14,44,18,40,3,17,60,40,53,58,31,0,19,0,21,31,18,105,29,230,15,13,24,5,7,72,156,60,44,22,39,30,57,121,8,5,8,77,43,77,117,161,20,18,21,101,16,10,64,15,11,12,23,51,7,22,19,15,24,25,41,101,0,75,12,121,5,41,28
01:00:00,34,0,20,5,8,17,29,19,0,17,51,10,0,24,5,6,4,8,13,18,0,0,18,0,0,11,29,26,8,81,10,14,19,2,0,33,43,54,0,14,6,10,0,5,3,0,11,0,48,32,31,12,18,41,0,0,10,15,9,0,83,18,76,7,38,67,30,18,28,0,16,28,10,16,19,0,5,3,0,17,0,18,13,17,0,50,6,0,0,5,15,29,7,14,34,33,11,11,0,0,46,15,9,0,2,24,18,14,0,32,5,17,2,5,7,27,33,22,0,7,0,1,0,18,0,17,4,7,51,12,0,6,0,8,2,0,33,42,0,69,15,5,29,0,0,0,41,1,2,0,64,0,3,15,16,3,53,0,0,28,26,17,3,0,0,21,0,17,10,0,13,3,17,12,0,0,0,31,8,27,18,13,0,5,18,6,2,23,18,0,0,8,10,12,6,30,0,11,0,12,20,12,3,0,13,39,39,38,37,0,0,0,0,12,19,8,20,0,122,9,8,0,0,5,35,77,0,17,13,0,12,22,41,3,2,5,43,38,1,1,91,8,0,0,2,0,4,36,11,2,7,21,0,2,9,11,5,0,5,13,0,0,43,7,42,4,26,10
01:15:00,4,3,0,6,5,0,12,0,0,0,8,0,0,12,0,0,2,7,0,0,0,0,12,0,0,5,1,0,4,0,0,0,11,0,0,0,0,16,0,0,2,0,0,0,11,0,0,0,4,0,3,8,9,7,0,0,6,8,3,0,26,7,37,1,0,25,0,8,19,0,0,0,8,0,20,0,0,1,0,4,0,0,0,0,0,0,0,0,0,1,0,0,3,7,0,0,0,0,0,0,0,8,6,0,2,13,13,3,0,0,4,0,0,0,4,14,17,12,0,5,0,0,0,0,0,0,0,0,0,0,0,0,0,0,0,0,0,0,0,14,6,0,0,0,0,0,0,0,0,0,23,0,0,0,0,0,11,0,0,2,7,0,0,0,0,6,0,7,0,0,0,3,0,0,0,0,0,0,0,0,0,0,0,0,6,0,0,0,0,0,0,5,4,5,0,0,0,0,0,0,1,15,0,0,5,10,0,0,2,0,0,0,0,0,7,0,0,0,60,7,6,0,0,4,5,20,0,0,6,0,0,1,0,0,1,2,13,24,0,0,22,0,0,0,0,0,0,0,0,0,3,0,0,0,0,10,0,0,1,0,0,0,0,2,2,0,9,0
01:30:00,0,0,0,0,0,0,0,0,0,0,0,0,0,0,0,0,0,0,0,0,0,0,0,0,0,0,0,0,0,0,0,0,0,0,0,0,0,0,0,0,0,0,0,0,0,0,0,0,0,0,0,0,0,0,0,0,2,2,2,0,0,0,0,0,0,0,0,1,10,0,0,0,0,0,0,0,0,0,0,0,0,0,0,0,0,0,0,0,0,0,0,0,0,0,0,0,0,0,0,0,0,4,3,0,0,0,5,0,0,0,2,0,0,0,0,2,0,2,0,0,0,0,0,0,0,0,0,0,0,0,0,0,0,0,0,0,0,0,0,0,0,0,0,0,0,0,0,0,0,0,1,0,0,0,0,0,0,0,0,0,0,0,0,0,0,0,0,0,0,0,0,0,0,0,0,0,0,0,0,0,0,0,0,0,3,0,0,0,0,0,0,4,0,0,0,0,0,0,0,0,0,0,0,0,0,1,0,0,0,0,0,0,0,0,0,0,0,0,0,0,0,0,0,0,0,0,0,0,0,0,0,0,0,0,1,0,0,10,0,0,0,0,0,0,0,0,0,0,0,0,0,0,0,0,0,0,0,0,2,0,0,0,0,0,0,0,0,0
01:45:00,0,0,0,0,0,0,0,0,0,0,0,0,0,0,0,0,0,0,0,0,0,0,0,0,0,0,0,0,0,0,0,0,0,0,0,0,0,0,0,0,0,0,0,0,0,0,0,0,0,0,0,0,0,0,0,0,0,0,0,0,0,0,0,0,0,0,0,0,0,0,0,0,0,0,0,0,0,0,0,0,0,0,0,0,0,0,0,0,0,0,0,0,0,0,0,0,0,0,0,0,0,0,0,0,0,0,0,0,0,0,0,0,0,0,0,0,0,0,0,0,0,0,0,0,0,0,0,0,0,0,0,0,0,0,0,0,0,0,0,0,0,0,0,0,0,0,0,0,0,0,0,0,0,0,0,0,0,0,0,0,0,0,0,0,0,0,0,0,0,0,0,0,0,0,0,0,0,0,0,0,0,0,0,0,0,0,0,0,0,0,0,0,0,0,0,0,0,0,0,0,0,0,0,0,0,1,0,0,0,0,0,0,0,0,0,0,0,0,0,0,0,0,0,0,0,0,0,0,0,0,0,0,0,0,0,0,0,4,0,0,0,0,0,0,0,0,0,0,0,0,0,0,0,0,0,0,0,0,0,0,0,0,0,0,0,0,0,0
02:00:00,0,0,0,0,0,0,0,0,0,0,0,0,0,0,0,0,0,0,0,0,0,0,0,0,0,0,0,0,0,0,0,0,0,0,0,0,0,0,0,0,0,0,0,0,0,0,0,0,0,0,0,0,0,0,0,0,0,0,0,0,0,0,0,0,0,0,0,0,0,0,0,0,0,0,0,0,0,0,0,0,0,0,0,0,0,0,0,0,0,0,0,0,0,0,0,0,0,0,0,0,0,0,0,0,0,0,0,0,0,0,0,0,0,0,0,0,0,0,0,0,0,0,0,0,0,0,0,0,0,0,0,0,0,0,0,0,0,0,0,0,0,0,0,0,0,0,0,0,0,0,0,0,0,0,0,0,0,0,0,0,0,0,0,0,0,0,0,0,0,0,0,0,0,0,0,0,0,0,0,0,0,0,0,0,0,0,0,0,0,0,0,0,0,0,0,0,0,0,0,0,0,0,0,0,0,0,0,0,0,0,0,0,0,0,0,0,0,0,0,0,0,0,0,0,0,0,0,0,0,0,0,0,0,0,0,0,0,0,0,0,0,0,0,0,0,0,0,0,0,0,0,0,0,0,0,0,0,0,0,0,0,0,0,0,0,0,0,0
02:15:00,0,0,0,0,0,0,0,0,0,0,0,0,0,0,0,0,0,0,0,0,0,0,0,0,0,0,0,0,0,0,0,0,0,0,0,0,0,0,0,0,0,0,0,0,0,0,0,0,0,0,0,0,0,0,0,0,0,0,0,0,0,0,0,0,0,0,0,0,0,0,0,0,0,0,0,0,0,0,0,0,0,0,0,0,0,0,0,0,0,0,0,0,0,0,0,0,0,0,0,0,0,0,0,0,0,0,0,0,0,0,0,0,0,0,0,0,0,0,0,0,0,0,0,0,0,0,0,0,0,0,0,0,0,0,0,0,0,0,0,0,0,0,0,0,0,0,0,0,0,0,0,0,0,0,0,0,0,0,0,0,0,0,0,0,0,0,0,0,0,0,0,0,0,0,0,0,0,0,0,0,0,0,0,0,0,0,0,0,0,0,0,0,0,0,0,0,0,0,0,0,0,0,0,0,0,0,0,0,0,0,0,0,0,0,0,0,0,0,0,0,0,0,0,0,0,0,0,0,0,0,0,0,0,0,0,0,0,0,0,0,0,0,0,0,0,0,0,0,0,0,0,0,0,0,0,0,0,0,0,0,0,0,0,0,0,0,0,0
02:30:00,0,0,0,0,0,0,0,0,0,0,0,0,0,0,0,0,0,0,0,0,0,0,0,0,0,0,0,0,0,0,0,0,0,0,0,0,0,0,0,0,0,0,0,0,0,0,0,0,0,0,0,0,0,0,0,0,0,0,0,0,0,0,0,0,0,0,0,0,0,0,0,0,0,0,0,0,0,0,0,0,0,0,0,0,0,0,0,0,0,0,0,0,0,0,0,0,0,0,0,0,0,0,0,0,0,0,0,0,0,0,0,0,0,0,0,0,0,0,0,0,0,0,0,0,0,0,0,0,0,0,0,0,0,0,0,0,0,0,0,0,0,0,0,0,0,0,0,0,0,0,0,0,0,0,0,0,0,0,0,0,0,0,0,0,0,0,0,0,0,0,0,0,0,0,0,0,0,0,0,0,0,0,0,0,0,0,0,0,0,0,0,0,0,0,0,0,0,0,0,0,0,0,0,0,0,0,0,0,0,0,0,0,0,0,0,0,0,0,0,0,0,0,0,0,0,0,0,0,0,0,0,0,0,0,0,0,0,0,0,0,0,0,0,0,0,0,0,0,0,0,0,0,0,0,0,0,0,0,0,0,0,0,0,0,0,0,0,0
02:45:00,0,0,0,0,0,0,0,0,0,0,0,0,0,0,0,0,0,0,0,0,0,0,0,0,0,0,0,0,0,0,0,0,0,0,0,0,0,0,0,0,0,0,0,0,0,0,0,0,0,0,0,0,0,0,0,0,0,0,0,0,0,0,0,0,0,0,0,0,0,0,0,0,0,0,0,0,0,0,0,0,0,0,0,0,0,0,0,0,0,0,0,0,0,0,0,0,0,0,0,0,0,0,0,0,0,0,0,0,0,0,0,0,0,0,0,0,0,0,0,0,0,0,0,0,0,0,0,0,0,0,0,0,0,0,0,0,0,0,0,0,0,0,0,0,0,0,0,0,0,0,0,0,0,0,0,0,0,0,0,0,0,0,0,0,0,0,0,0,0,0,0,0,0,0,0,0,0,0,0,0,0,0,0,0,0,0,0,0,0,0,0,0,0,0,0,0,0,0,0,0,0,0,0,0,0,0,0,0,0,0,0,0,0,0,0,0,0,0,0,0,0,0,0,0,0,0,0,0,0,0,0,0,0,0,0,0,0,0,0,0,0,0,0,0,0,0,0,0,0,0,0,0,0,0,0,0,0,0,0,0,0,0,0,0,0,0,0,0
03:00:00,0,0,0,0,0,0,0,0,0,0,0,0,0,0,0,0,0,0,0,0,0,0,0,0,0,0,0,0,0,0,0,0,0,0,0,0,0,0,0,0,0,0,0,0,0,0,0,0,0,0,0,0,0,0,0,0,0,0,0,0,0,0,0,0,0,0,0,0,0,0,0,0,0,0,0,0,0,0,0,0,0,0,0,0,0,0,0,0,0,0,0,0,0,0,0,0,0,0,0,0,0,0,0,0,0,0,0,0,0,0,0,0,0,0,0,0,0,0,0,0,0,0,0,0,0,0,0,0,0,0,0,0,0,0,0,0,0,0,0,0,0,0,0,0,0,0,0,0,0,0,0,0,0,0,0,0,0,0,0,0,0,0,0,0,0,0,0,0,0,0,0,0,0,0,0,0,0,0,0,0,0,0,0,0,0,0,0,0,0,0,0,0,0,0,0,0,0,0,0,0,0,0,0,0,0,0,0,0,0,0,0,0,0,0,0,0,0,0,0,0,0,0,0,0,0,0,0,0,0,0,0,0,0,0,0,0,0,0,0,0,0,0,0,0,0,0,0,0,0,0,0,0,0,0,0,0,0,0,0,0,0,0,0,0,0,0,0,0
03:15:00,0,0,0,0,0,0,0,0,0,0,0,0,0,0,0,0,0,0,0,0,0,0,0,0,0,0,0,0,0,0,0,0,0,0,0,0,0,0,0,0,0,0,0,0,0,0,0,0,0,0,0,0,0,0,0,0,0,0,0,0,0,0,0,0,0,0,0,0,0,0,0,0,0,0,0,0,0,0,0,0,0,0,0,0,0,0,0,0,0,0,0,0,0,0,0,0,0,0,0,0,0,0,0,0,0,0,0,0,0,0,0,0,0,0,0,0,0,0,0,0,0,0,0,0,0,0,0,0,0,0,0,0,0,0,0,0,0,0,0,0,0,0,0,0,0,0,0,0,0,0,0,0,0,0,0,0,0,0,0,0,0,0,0,0,0,0,0,0,0,0,0,0,0,0,0,0,0,0,0,0,0,0,0,0,0,0,0,0,0,0,0,0,0,0,0,0,0,0,0,0,0,0,0,0,0,0,0,0,0,0,0,0,0,0,0,0,0,0,0,0,0,0,0,0,0,0,0,0,0,0,0,0,0,0,0,0,0,0,0,0,0,0,0,0,0,0,0,0,0,0,0,0,0,0,0,0,0,0,0,0,0,0,0,0,0,0,0,0
03:30:00,0,0,0,0,0,0,0,0,0,0,0,0,0,0,0,0,0,0,0,0,0,0,0,0,0,0,0,0,0,0,0,0,0,0,0,0,0,0,0,0,0,0,0,0,0,0,0,0,0,0,0,0,0,0,0,0,0,0,0,0,0,0,0,0,0,0,0,0,0,0,0,0,0,0,0,0,0,0,0,0,0,0,0,0,0,0,0,0,0,0,0,0,0,0,0,0,0,0,0,0,0,0,0,0,0,0,0,0,0,0,0,0,0,0,0,0,0,0,0,0,0,0,0,0,0,0,0,0,0,0,0,0,0,0,0,0,0,0,0,0,0,0,0,0,0,0,0,0,0,0,0,0,0,0,0,0,0,0,0,0,0,0,0,0,0,0,0,0,0,0,0,0,0,0,0,0,0,0,0,0,0,0,0,0,0,0,0,0,0,0,0,0,0,0,0,0,0,0,0,0,0,0,0,0,0,0,0,0,0,0,0,0,0,0,0,0,0,0,0,0,0,0,0,0,0,0,0,0,0,0,0,0,0,0,0,0,0,0,0,0,0,0,0,0,0,0,0,0,0,0,0,0,0,0,0,0,0,0,0,0,0,0,0,0,0,0,0,0
03:45:00,0,0,0,0,0,0,0,0,0,0,0,0,0,0,0,0,0,0,0,0,0,0,0,0,0,0,0,0,0,0,0,0,0,0,0,0,0,0,0,0,0,0,0,0,0,0,0,0,0,0,0,0,0,0,0,0,0,0,0,0,0,0,0,0,0,0,0,0,0,0,0,0,0,0,0,0,0,0,0,0,0,0,0,0,0,0,0,0,0,0,0,0,0,0,0,0,0,0,0,0,0,0,0,0,0,0,0,0,0,0,0,0,0,0,0,0,0,0,0,0,0,0,0,0,0,0,0,0,0,0,0,0,0,0,0,0,0,0,0,0,0,0,0,0,0,0,0,0,0,0,0,0,0,0,0,0,0,0,0,0,0,0,0,0,0,0,0,0,0,0,0,0,0,0,0,0,0,0,0,0,0,0,0,0,0,0,0,0,0,0,0,0,0,0,0,0,0,0,0,0,0,0,0,0,0,0,0,0,0,0,0,0,0,0,0,0,0,0,0,0,0,0,0,0,0,0,0,0,0,0,0,0,0,0,0,0,0,0,0,0,0,0,0,0,0,0,0,0,0,0,0,0,0,0,0,0,0,0,0,0,0,0,0,0,0,0,0,0
04:00:00,0,0,0,0,0,0,0,0,0,0,0,0,0,0,0,0,0,0,0,0,0,0,0,0,0,0,0,0,0,0,0,0,0,0,0,0,0,0,0,0,0,0,0,0,0,0,0,0,0,0,0,0,0,0,0,0,0,0,0,0,0,0,0,0,0,0,0,0,0,0,0,0,0,0,0,0,0,0,0,0,0,0,0,0,0,0,0,0,0,0,0,0,0,0,0,0,0,0,0,0,0,0,0,0,0,0,0,0,0,0,0,0,0,0,0,0,0,0,0,0,0,0,0,0,0,0,0,0,0,0,0,0,0,0,0,0,0,0,0,0,0,0,0,0,0,0,0,0,0,0,0,0,0,0,0,0,0,0,0,0,0,0,0,0,0,0,0,0,0,0,0,0,0,0,0,0,0,0,0,0,0,0,0,0,0,0,0,0,0,0,0,0,0,0,0,0,0,0,0,0,0,0,0,0,0,0,0,0,0,0,0,0,0,0,0,0,0,0,0,0,0,0,0,0,0,0,0,0,0,0,0,0,0,0,0,0,0,0,0,0,0,0,0,0,0,0,0,0,0,0,0,0,0,0,0,0,0,0,0,0,0,0,0,0,0,0,0,0
04:15:00,0,0,0,0,0,0,0,0,0,0,0,0,0,0,0,0,0,0,0,0,0,0,0,0,0,0,0,0,0,0,0,0,0,0,0,0,0,0,0,0,0,0,0,0,0,0,0,0,0,0,0,0,0,0,0,0,0,0,0,0,0,0,0,0,0,0,0,0,0,0,0,0,0,0,0,0,0,0,0,0,0,0,0,0,0,0,0,0,0,0,0,0,0,0,0,0,0,0,0,0,0,0,0,0,0,0,0,0,0,0,0,0,0,0,0,0,0,0,0,0,0,0,0,0,0,0,0,0,0,0,0,0,0,0,0,0,0,0,0,0,0,0,0,0,0,0,0,0,0,0,0,0,0,0,0,0,0,0,0,0,0,0,0,0,0,0,0,0,0,0,0,0,0,0,0,0,0,0,0,0,0,0,0,0,0,0,0,0,0,0,0,0,0,0,0,0,0,0,0,0,0,0,0,0,0,0,0,0,0,0,0,0,0,0,0,0,0,0,0,0,0,0,0,0,0,0,0,0,0,0,0,0,0,0,0,0,0,0,0,0,0,0,0,0,0,0,0,0,0,0,0,0,0,0,0,0,0,0,0,0,0,0,0,0,0,0,0,0
04:30:00,0,0,0,0,0,0,0,0,0,0,0,0,0,0,0,0,0,0,0,0,0,0,0,0,0,0,0,0,0,0,0,0,0,0,0,0,0,0,0,0,0,0,0,0,0,0,0,0,0,0,0,0,0,0,0,0,0,0,0,0,0,0,0,0,0,0,0,0,0,0,0,0,0,0,0,0,0,0,0,0,0,0,0,0,0,0,0,0,0,0,0,0,0,0,0,0,0,0,0,0,0,0,0,0,0,0,0,0,0,0,0,0,0,0,0,0,0,0,0,0,0,0,0,0,0,0,0,0,0,0,0,0,0,0,0,0,0,0,0,0,0,0,0,0,0,0,0,0,0,0,0,0,0,0,0,0,0,0,0,0,0,0,0,0,0,0,0,0,0,0,0,0,0,0,0,0,0,0,0,0,0,0,0,0,0,0,0,0,0,0,0,0,0,0,0,0,0,0,0,0,0,0,0,0,0,0,0,0,0,0,0,0,0,0,0,0,0,0,0,0,0,0,0,0,0,0,0,0,0,0,0,0,0,0,0,0,0,0,0,0,0,0,0,0,0,0,0,0,0,0,0,0,0,0,0,0,0,0,0,0,0,0,0,0,0,0,0,0
04:45:00,1,0,0,0,0,0,0,0,0,4,0,0,0,0,0,0,1,0,0,0,0,0,0,0,0,0,1,0,0,0,0,0,0,0,0,0,0,0,0,0,0,0,0,0,0,0,1,0,0,0,0,0,0,0,0,0,0,0,0,0,1,0,0,0,0,0,0,0,0,0,0,0,0,0,0,0,1,0,3,0,1,0,0,0,0,0,0,0,0,1,0,0,0,0,0,0,0,0,0,0,0,1,5,0,6,0,0,1,0,0,1,0,0,0,0,0,0,1,0,0,0,0,0,0,0,0,0,2,4,0,0,1,0,0,0,0,0,0,4,0,0,0,0,0,0,0,0,0,0,2,0,0,0,0,0,0,0,0,0,0,0,0,0,0,2,0,0,0,0,0,0,0,0,0,0,0,0,0,0,0,0,0,0,0,0,0,0,0,0,0,0,0,0,0,0,0,0,2,0,0,0,1,2,0,0,1,1,0,0,0,0,0,0,0,1,0,0,0,0,0,0,0,0,0,0,0,0,0,0,1,0,0,0,0,0,0,0,0,0,0,0,0,0,0,1,0,0,0,0,0,0,0,0,0,0,0,1,0,2,0,0,0,0,0,0,0,0,0
05:00:00,1,2,2,0,0,0,0,0,1,4,2,1,0,1,0,0,1,0,0,0,0,0,1,1,0,0,1,0,0,2,0,0,0,0,0,0,0,6,0,0,1,0,0,0,0,0,0,0,0,1,1,0,0,0,0,0,0,0,0,0,1,0,5,0,0,0,0,0,0,0,1,0,0,0,0,0,3,0,3,0,2,1,1,1,2,0,0,0,0,1,2,0,0,1,1,0,0,0,0,0,0,3,20,5,18,0,1,1,0,0,0,1,1,0,0,0,1,1,0,0,0,0,0,0,0,0,0,3,14,1,0,1,0,0,0,0,0,0,10,2,0,0,0,1,0,0,0,0,0,2,1,0,0,0,0,0,5,0,0,1,0,0,0,0,3,3,0,0,0,0,8,0,0,0,0,0,0,0,0,0,0,0,0,0,0,1,0,0,0,0,0,0,0,0,0,2,0,4,1,0,0,0,3,0,0,1,0,0,0,0,1,0,0,0,1,0,2,0,11,0,0,0,1,0,1,3,0,2,0,0,0,0,0,0,0,0,0,1,0,3,1,1,0,0,0,0,0,0,0,1,1,0,0,0,0,0,1,0,3,0,0,0,0,0,1,0,0,0
05:15:00,1,2,3,3,0,0,1,1,0,7,2,4,1,1,0,0,1,0,1,4,2,3,0,6,2,1,0,3,0,1,5,0,0,1,1,13,20,6,0,0,0,0,0,2,0,0,0,0,3,2,1,0,0,1,1,0,0,1,0,0,1,0,5,0,3,1,0,0,0,0,2,3,1,4,0,2,5,0,4,0,2,6,2,2,1,0,0,0,0,1,8,0,0,3,5,2,1,0,0,3,0,5,30,5,30,1,0,1,3,0,0,3,1,1,0,2,1,1,0,0,3,0,0,3,1,0,0,3,49,1,0,1,0,0,0,0,2,2,12,16,0,0,0,2,0,0,6,0,0,2,1,0,0,0,5,0,16,0,0,1,0,0,0,0,2,3,0,0,0,4,10,2,0,0,1,2,0,4,1,0,0,0,0,0,0,1,0,2,0,0,0,1,0,0,3,2,2,5,1,0,0,0,1,0,0,1,0,0,0,5,1,1,0,0,0,0,3,0,24,0,1,1,1,0,0,4,0,1,0,2,0,0,1,1,0,0,2,1,3,18,1,1,3,1,19,0,3,2,0,1,0,4,0,0,0,0,1,4,3,6,1,1,2,0,1,1,0,0
05:30:00,4,2,6,4,2,2,1,1,0,14,3,12,1,5,0,2,2,0,2,9,7,5,2,19,2,1,0,4,0,13,6,0,1,3,8,15,34,15,0,0,0,2,6,6,0,0,0,0,4,2,1,0,1,1,4,0,0,1,0,2,4,3,11,1,2,6,1,0,1,0,5,4,1,9,0,25,9,0,8,0,5,16,2,2,6,4,1,0,0,2,30,8,0,5,14,4,1,3,9,1,5,9,24,10,25,1,0,2,10,0,0,11,1,1,1,2,2,2,3,0,3,0,0,3,1,1,5,3,93,1,9,1,1,0,1,9,1,2,23,32,2,1,1,2,4,1,8,0,0,3,1,1,1,0,7,0,24,0,1,1,1,1,0,1,8,3,2,1,3,33,30,4,1,1,9,2,1,6,2,1,1,0,0,1,3,0,0,2,0,0,1,0,0,0,5,5,2,5,8,0,2,2,8,0,0,1,2,0,0,5,4,2,3,1,1,3,5,8,47,2,1,3,1,0,1,4,12,7,0,6,0,2,0,2,0,0,5,0,13,59,3,1,6,2,47,1,4,4,2,1,0,4,4,0,2,0,1,8,6,17,2,2,9,0,1,3,0,0
05:45:00,8,5,8,7,0,7,2,1,2,25,4,20,2,9,0,2,3,3,4,14,20,7,10,36,3,1,0,7,1,25,7,1,1,9,17,17,45,22,0,2,0,2,13,11,1,0,1,0,4,2,1,0,0,0,9,0,3,5,2,4,6,4,24,1,4,11,2,3,1,5,8,13,1,18,2,71,12,0,12,1,9,27,4,2,13,5,1,4,0,6,51,5,0,4,29,8,2,1,8,1,7,9,32,13,27,1,1,9,23,0,1,20,4,3,1,2,3,4,7,2,5,1,0,5,1,0,10,5,153,3,22,4,1,7,1,17,8,5,53,59,2,1,4,2,21,5,15,1,1,8,1,3,2,0,4,0,28,1,1,1,1,1,4,1,18,4,10,0,4,60,59,4,3,1,22,5,1,9,3,2,4,2,4,1,4,0,3,2,0,0,2,1,1,1,9,11,21,6,13,0,1,2,16,0,0,0,0,1,0,9,9,6,9,1,3,6,8,11,78,2,3,8,3,0,1,1,29,18,0,7,1,4,4,6,0,0,9,3,34,135,14,1,12,1,100,1,6,16,1,3,0,8,10,0,3,0,3,13,14,30,5,3,15,1,3,4,0,0
06:00:00,13,6,9,6,1,12,5,3,3,36,12,29,5,18,0,3,3,5,5,24,33,7,15,49,4,3,5,9,2,39,8,2,2,16,26,21,62,36,0,2,0,2,19,18,1,0,2,0,8,5,4,0,3,6,12,0,3,10,3,6,12,5,50,5,5,19,3,2,2,8,10,25,1,24,1,111,14,0,14,3,13,39,9,4,27,12,2,5,0,9,65,7,1,3,48,13,5,7,11,6,14,7,37,12,25,5,2,16,33,2,1,29,10,5,1,4,9,7,11,2,5,2,0,6,2,1,15,7,199,4,38,6,3,15,2,25,32,13,81,94,3,3,12,2,41,10,24,1,0,16,3,5,8,0,15,0,32,1,1,5,6,5,3,2,34,4,16,3,8,72,89,4,5,3,33,10,2,13,5,4,5,3,11,2,4,2,4,4,4,0,3,2,0,2,11,19,46,6,19,1,3,2,31,1,2,4,0,2,0,13,16,14,14,1,5,10,10,13,99,2,4,11,5,0,3,14,44,29,0,13,1,6,11,8,1,3,15,11,51,185,24,2,18,7,137,1,10,31,1,5,0,12,19,2,4,1,10,16,18,42,10,3,14,1,12,6,3,0
06:15:00,17,8,12,8,1,18,10,8,3,42,19,47,9,24,1,4,7,6,8,38,47,11,19,71,8,6,11,16,4,46,13,2,5,21,34,32,99,45,0,3,1,5,22,26,0,0,3,2,15,8,11,1,5,13,14,1,5,12,4,5,23,8,70,12,7,25,5,1,8,10,14,43,5,31,3,151,19,0,17,4,16,48,15,8,37,19,3,9,0,12,94,10,6,7,71,18,7,14,20,10,17,15,78,16,38,7,2,29,48,3,2,48,14,8,4,9,15,10,18,2,7,3,1,15,3,2,20,8,334,6,51,8,6,26,2,36,47,25,108,151,6,5,21,5,59,18,32,3,1,27,15,7,12,7,35,0,50,1,4,7,7,8,3,2,48,5,21,5,12,107,131,10,8,6,44,15,3,14,7,6,8,6,27,3,4,5,6,8,4,0,4,3,2,2,17,27,71,6,29,2,5,3,50,1,3,11,10,5,9,23,28,23,26,2,6,15,17,15,138,5,4,15,7,2,9,32,59,36,3,28,3,8,17,11,1,3,19,16,66,218,34,4,27,13,176,2,16,37,2,10,1,16,27,1,6,2,17,25,22,61,16,4,13,2,21,6,10,2
06:30:00,21,10,20,13,3,29,17,12,3,63,29,77,14,37,1,7,10,7,11,47,59,18,25,120,9,8,15,23,7,58,17,7,9,22,44,37,140,54,0,3,0,7,33,37,3,3,6,6,19,12,18,2,7,19,26,2,5,13,5,5,33,10,95,15,9,34,5,3,11,17,18,52,7,46,10,209,34,2,28,10,21,56,18,8,60,25,4,17,0,18,144,13,12,11,97,19,10,16,22,12,24,23,107,40,54,10,4,40,61,4,3,78,12,10,7,13,17,14,28,2,8,4,3,22,5,4,28,11,451,8,86,11,8,40,3,58,51,36,143,204,9,6,26,10,83,29,43,3,0,42,28,9,14,8,52,1,65,1,6,9,8,12,3,2,81,7,33,8,12,208,175,15,12,8,79,23,3,15,8,10,11,8,46,5,7,9,11,14,4,0,6,4,4,3,29,37,101,8,47,3,9,5,79,2,4,17,11,6,10,35,43,35,38,3,7,20,24,15,199,7,7,21,11,2,19,48,89,41,2,41,5,9,20,12,2,4,28,15,99,294,42,6,40,17,211,4,18,49,3,14,1,18,41,1,8,5,19,38,33,83,22,2,20,4,28,9,16,3
06:45:00,25,15,27,17,3,32,21,16,4,74,36,97,16,49,1,9,11,8,18,52,64,24,30,158,9,7,16,25,8,66,19,9,11,25,50,37,154,52,0,3,1,8,41,45,2,2,7,7,23,14,21,5,11,17,37,2,8,24,4,7,51,13,107,15,11,40,7,5,13,22,19,60,8,55,14,260,46,2,36,15,31,83,25,11,74,27,5,25,11,24,163,15,21,11,121,22,12,11,21,14,26,27,129,56,66,13,6,48,76,6,5,94,13,20,6,13,16,14,28,2,11,4,7,23,8,7,30,15,530,10,107,15,7,45,4,71,47,42,165,250,9,7,30,13,105,33,50,2,0,56,34,14,13,9,48,2,83,1,9,10,14,14,3,3,109,7,43,7,16,275,222,13,12,7,111,27,3,17,7,14,14,8,53,6,10,9,13,14,6,0,8,5,5,2,39,44,143,13,59,5,10,7,98,0,4,18,11,7,14,46,52,48,71,5,9,20,24,14,228,8,8,27,13,4,21,56,112,42,3,54,6,13,24,15,3,4,32,22,151,385,46,7,59,15,281,4,23,64,3,21,2,18,53,1,10,3,15,51,47,95,26,36,17,5,29,12,13,5
07:00:00,28,15,29,16,5,29,25,19,5,90,47,106,17,74,3,12,10,10,29,56,69,29,30,176,10,9,20,23,7,83,18,9,13,30,63,45,171,54,0,4,2,11,50,48,2,2,10,5,29,15,25,6,17,20,40,3,10,29,3,13,63,15,144,21,15,45,18,6,14,27,24,66,5,64,12,295,56,2,42,16,39,103,36,12,94,42,5,28,5,37,181,19,23,8,161,28,18,17,20,21,30,24,124,62,61,19,10,44,86,6,5,102,26,38,6,14,18,15,31,2,10,7,8,18,13,9,33,18,542,11,113,20,8,41,4,72,56,40,178,295,8,11,32,17,109,30,51,0,5,71,36,18,18,11,45,2,93,1,9,14,21,24,5,3,148,9,51,6,22,288,280,12,15,7,130,33,4,23,9,24,17,9,46,6,13,8,21,15,6,0,11,5,4,5,50,44,164,17,68,5,12,7,123,1,5,20,12,8,19,65,67,65,111,7,13,20,22,13,201,7,9,40,15,7,20,71,118,48,4,69,5,17,27,21,2,6,36,30,195,450,47,6,86,29,339,4,27,93,3,37,2,18,66,4,10,2,13,59,53,115,25,78,29,8,34,13,18,8
07:15:00,38,21,37,16,4,37,35,24,7,126,58,134,25,92,3,20,12,11,43,64,77,36,39,226,14,10,26,24,9,100,20,8,14,38,79,58,206,56,0,7,2,20,67,56,3,3,11,1,44,15,36,9,22,25,50,3,13,29,6,15,77,20,212,25,21,59,31,8,17,34,35,84,6,86,15,361,74,2,54,14,53,130,73,18,118,58,6,34,0,61,235,27,33,12,222,36,24,21,31,24,34,26,137,59,62,25,11,73,109,13,8,133,47,61,8,18,22,17,52,2,11,12,8,23,19,13,39,22,648,13,172,27,10,45,7,86,58,39,205,338,11,20,37,25,126,41,55,5,8,103,41,21,19,13,44,3,100,3,11,16,22,28,12,5,205,14,64,7,26,331,336,20,37,11,161,36,7,25,12,35,19,10,50,10,15,9,42,18,8,1,14,6,4,9,69,53,165,18,107,5,14,8,179,2,5,23,17,13,21,90,98,91,183,13,25,20,30,16,209,9,9,61,17,8,26,82,143,54,5,85,8,29,31,23,3,9,47,41,207,541,57,6,144,42,368,7,38,113,5,58,3,20,68,8,15,8,15,74,60,151,29,84,48,15,41,14,20,11
07:30:00,57,29,46,18,7,66,45,26,11,185,75,170,39,108,4,35,15,12,56,61,94,38,49,331,20,11,30,28,12,108,22,11,18,47,94,62,252,60,0,10,2,33,96,68,3,4,17,1,54,20,48,12,29,34,80,4,18,30,9,15,91,25,282,27,30,69,38,10,20,45,46,97,7,119,17,437,95,4,75,18,61,142,97,21,159,66,7,48,3,77,318,28,39,14,272,46,40,25,45,28,43,26,138,63,67,30,12,97,126,20,9,190,57,75,11,24,29,18,76,2,14,14,13,33,21,20,44,27,734,14,268,37,14,66,11,121,67,44,266,383,10,30,41,34,172,63,65,9,8,133,44,18,19,16,52,3,96,4,11,21,20,26,18,7,246,18,79,11,27,452,402,24,58,15,226,47,8,32,15,52,25,17,75,15,22,11,60,21,10,3,19,7,4,9,96,60,179,19,165,6,19,14,243,5,8,29,21,22,30,97,125,124,234,25,30,27,41,21,263,10,12,89,28,8,38,85,183,66,6,110,13,43,37,19,2,13,58,43,208,663,65,9,190,51,385,11,41,120,8,73,5,19,64,9,22,8,18,93,63,179,35,64,75,22,52,16,28,9
07:45:00,65,29,44,16,8,79,40,27,13,204,80,178,42,106,3,42,21,10,51,56,90,35,45,362,22,10,31,26,13,105,21,12,19,48,94,50,232,58,0,10,3,33,96,74,5,5,16,13,57,23,50,13,29,36,93,4,20,36,9,14,90,30,265,23,30,76,33,12,22,45,42,94,8,115,17,458,97,5,76,23,59,149,95,26,152,58,8,52,4,67,310,29,41,16,253,50,42,21,43,28,45,26,130,57,66,30,12,96,122,24,8,211,48,66,12,25,30,18,74,3,17,13,18,39,18,21,39,27,747,16,299,36,15,68,13,139,67,45,277,377,15,32,38,32,186,79,67,12,5,127,40,17,16,17,50,4,91,5,12,23,21,18,18,7,228,17,82,13,30,497,417,21,63,14,243,47,8,33,15,54,26,17,91,15,27,12,56,30,11,3,19,9,3,5,95,64,182,19,183,8,20,12,253,6,9,30,20,27,33,77,116,118,242,30,28,27,42,18,299,10,13,83,35,6,41,81,183,63,7,124,17,47,38,16,3,13,63,44,187,712,68,11,171,43,458,10,45,99,11,75,6,21,55,6,25,10,18,99,61,152,35,47,49,21,55,19,24,6
08:00:00,60,22,32,16,10,82,33,24,10,196,81,196,36,113,5,42,22,10,38,48,91,32,33,346,23,10,28,22,14,101,15,11,20,45,98,42,196,58,0,8,3,29,80,68,3,5,19,3,46,24,43,13,27,33,89,3,17,36,9,15,95,28,212,23,27,70,29,13,22,36,36,87,10,103,12,485,88,8,66,25,57,141,70,20,123,50,7,48,4,47,272,22,34,14,215,50,36,19,28,33,47,24,126,56,64,31,13,80,101,18,7,198,37,44,11,27,29,19,56,3,17,11,10,32,17,21,33,25,718,17,248,34,16,53,10,133,73,42,274,353,15,28,31,24,166,85,61,14,6,105,38,16,15,17,44,3,93,5,11,23,18,18,13,7,190,14,74,13,29,470,433,15,46,10,202,47,8,28,14,49,25,17,83,14,28,10,45,51,10,1,16,8,3,4,77,58,170,22,172,6,20,13,234,5,10,30,18,25,31,53,92,91,164,25,18,23,39,16,278,9,12,64,41,5,34,83,158,64,7,120,15,39,36,24,3,11,60,41,176,699,66,11,119,40,491,9,41,83,9,79,5,24,62,4,23,5,16,105,48,109,32,47,69,14,55,18,25,5
08:15:00,53,17,29,20,8,96,35,25,8,221,79,200,36,119,5,44,25,12,31,56,92,34,31,377,29,11,29,25,15,116,12,10,21,39,117,50,188,60,0,10,3,29,65,76,4,4,20,1,51,26,39,13,29,32,93,3,11,39,9,15,96,27,197,23,24,74,33,13,26,32,38,92,10,106,14,576,96,5,65,27,62,157,84,22,104,56,8,46,2,47,293,22,40,15,216,52,33,15,18,29,58,22,123,47,57,37,13,94,115,16,6,211,35,35,10,31,30,18,49,3,20,13,7,33,20,24,37,29,781,18,237,36,18,47,8,143,75,47,289,367,20,21,30,20,169,98,69,16,7,110,37,17,15,17,41,7,110,6,13,20,19,19,14,7,212,14,79,14,30,515,441,16,50,10,182,47,9,29,15,49,23,12,72,19,24,8,49,61,9,0,16,10,2,6,77,77,166,22,199,10,22,14,280,2,9,36,21,22,27,50,87,76,100,20,23,20,41,17,340,10,11,54,43,4,31,92,165,61,8,110,15,38,39,32,3,10,64,53,180,728,76,10,109,36,549,9,49,85,11,79,5,25,67,4,24,5,15,132,53,86,35,36,77,11,61,17,21,9
08:30:00,54,22,33,25,10,145,43,30,11,295,86,222,50,141,7,51,30,13,41,66,110,39,37,499,43,13,33,31,18,134,12,11,23,38,153,69,233,69,0,13,4,44,91,102,3,6,26,14,69,32,42,18,36,36,149,3,10,44,14,15,128,31,223,25,25,87,39,13,30,36,46,117,11,136,16,643,108,7,81,28,81,164,102,25,134,68,8,65,2,56,399,18,43,12,275,61,54,18,26,30,75,21,133,47,65,42,15,132,142,20,9,295,43,42,11,36,36,19,60,3,26,15,17,43,25,34,42,37,856,17,324,51,29,59,9,210,82,53,366,467,18,27,35,22,201,107,92,12,7,145,44,22,17,22,52,12,126,7,13,24,19,22,17,7,271,19,107,16,37,711,506,16,64,12,243,67,14,38,15,57,30,15,81,28,26,12,68,43,13,1,20,12,5,7,108,98,204,21,262,14,28,20,371,4,9,43,27,27,30,56,101,97,93,23,25,26,51,21,435,10,12,68,52,8,36,107,240,73,9,137,17,51,52,38,3,13,80,78,198,806,84,13,142,40,606,10,50,95,12,95,6,26,69,3,28,9,18,193,61,100,41,51,101,14,78,22,27,12
08:45:00,50,26,39,25,9,188,48,29,14,358,86,248,55,146,6,49,37,13,49,71,112,45,42,523,64,12,33,37,19,152,14,11,20,33,172,74,237,69,0,13,4,56,108,126,4,6,22,16,78,37,48,20,35,36,193,3,12,44,12,14,132,40,214,25,28,101,37,12,29,43,55,136,11,151,20,604,110,6,90,28,84,176,106,31,148,71,11,82,3,64,444,22,38,14,289,65,65,20,29,33,82,22,135,40,58,45,18,150,158,24,10,347,42,48,12,34,37,19,71,4,29,16,33,48,25,34,43,40,898,19,344,60,33,66,12,262,76,54,397,546,22,28,39,24,212,117,109,13,7,158,46,27,17,22,53,13,138,6,12,24,20,21,20,7,336,21,134,17,45,863,559,18,74,14,295,81,15,41,15,59,34,16,90,29,28,14,73,55,12,2,20,13,4,6,137,98,210,22,271,19,31,19,425,5,9,43,29,28,32,62,102,102,120,24,26,29,52,20,513,10,11,74,59,11,39,112,286,73,11,174,18,57,61,33,3,13,88,88,186,840,93,19,159,42,679,10,59,97,18,96,6,29,62,5,34,9,21,264,68,108,42,47,77,18,95,27,26,13
09:00:00,45,30,48,26,9,218,51,28,17,404,89,261,54,147,6,46,41,14,47,68,112,44,44,506,75,11,30,35,18,149,19,10,18,28,223,67,228,64,0,11,4,65,128,134,3,6,21,17,73,37,51,19,34,34,217,3,14,45,13,13,146,41,193,21,28,102,30,14,26,41,55,139,11,169,21,597,115,10,90,28,87,199,85,27,151,63,12,95,4,60,456,19,32,12,288,69,63,24,25,40,80,20,146,44,63,45,16,154,151,26,11,365,38,49,11,31,35,19,76,6,28,12,18,44,25,36,37,35,960,21,366,58,34,61,14,310,75,52,394,595,20,30,40,24,203,125,112,15,7,134,47,25,15,19,47,8,140,5,12,22,17,20,17,9,402,24,141,15,46,922,676,14,66,12,334,90,14,39,14,53,32,18,88,27,31,13,69,87,14,1,16,11,3,7,160,82,209,26,257,15,30,18,445,6,9,39,30,24,33,59,94,94,137,21,19,31,46,18,490,10,12,70,62,11,37,106,316,77,10,201,19,53,65,24,3,10,86,73,177,854,98,20,160,37,698,11,60,91,20,89,6,30,66,4,35,12,22,324,64,109,42,49,95,17,102,31,30,14
09:15:00,45,32,62,25,9,242,55,27,19,464,89,309,59,135,5,47,44,17,37,70,117,51,42,543,74,11,30,36,19,151,21,8,19,31,287,69,249,57,0,13,4,60,128,149,5,5,17,15,75,35,49,16,30,35,260,3,17,49,10,13,131,36,204,18,32,103,27,13,31,39,64,134,13,208,25,652,134,9,98,36,83,238,102,31,159,67,13,99,2,54,522,23,36,15,298,72,54,25,18,34,75,21,139,38,48,54,15,167,174,26,9,405,36,52,11,28,35,18,92,6,32,12,22,43,23,33,43,38,1116,23,426,71,38,56,17,401,71,52,410,657,22,28,41,30,209,147,117,11,7,116,47,23,16,19,38,8,153,6,14,20,22,18,16,10,504,24,160,15,42,1079,728,15,66,12,438,105,12,39,14,53,31,16,86,27,29,11,64,84,11,0,18,10,2,9,193,76,220,30,289,14,28,17,544,4,9,35,30,23,40,64,105,91,167,21,19,31,43,17,533,13,14,80,67,11,36,105,385,74,8,256,19,54,63,21,3,10,75,56,193,894,100,17,159,37,752,10,65,89,20,76,4,30,68,6,40,12,24,441,77,112,45,38,83,15,106,36,30,14
09:30:00,47,37,80,30,12,301,59,28,24,581,101,368,74,138,7,57,48,21,47,74,141,59,42,687,75,13,35,37,20,157,23,9,22,38,401,85,314,61,0,20,3,63,149,191,2,6,18,13,97,43,58,17,30,37,363,3,17,49,12,15,148,33,253,19,37,103,33,14,34,48,74,153,13,269,24,716,153,10,118,44,96,268,129,30,190,72,14,124,2,58,630,25,41,16,350,83,68,33,20,34,80,22,152,45,62,62,15,205,195,25,10,529,47,68,11,28,35,19,118,6,36,17,67,56,19,44,48,46,1249,23,537,91,53,69,19,574,87,64,469,774,22,36,45,38,249,162,134,9,7,133,51,25,20,22,46,9,175,7,13,21,24,17,17,10,607,28,215,14,47,1410,756,17,74,11,618,138,14,41,15,51,39,16,98,33,30,15,77,70,14,1,24,13,4,9,243,82,285,35,355,12,27,18,725,2,12,35,31,29,44,93,152,111,199,25,23,32,47,18,637,13,15,93,86,10,45,127,533,83,8,324,21,67,67,43,3,12,84,67,213,1004,105,19,175,55,881,11,61,107,16,88,4,35,71,5,39,15,28,593,96,127,48,47,107,15,116,46,34,13
09:45:00,45,39,84,35,11,319,59,26,34,620,104,406,81,133,5,59,65,22,55,72,155,68,40,733,73,13,37,39,20,171,21,10,21,41,488,91,331,64,0,22,7,62,137,235,6,5,17,14,106,46,59,17,31,38,444,3,17,44,12,16,136,31,308,19,39,104,43,13,31,58,81,170,13,312,24,716,144,10,130,48,94,297,141,30,192,68,17,134,2,63,682,30,37,20,345,86,74,32,23,39,85,22,144,42,58,66,16,232,188,27,8,582,54,76,11,27,33,20,139,7,36,20,68,63,16,48,53,49,1263,25,560,105,65,77,21,692,93,75,496,863,28,37,50,43,285,180,139,14,6,145,53,30,21,18,49,9,199,7,11,21,25,15,17,7,699,22,228,15,59,1605,716,20,78,12,709,156,13,39,16,61,44,12,106,35,30,15,81,60,10,1,26,14,4,7,263,84,300,37,339,15,28,17,830,2,11,34,28,34,42,110,171,108,213,27,24,31,52,17,793,13,11,99,93,10,52,139,637,85,8,406,23,72,70,58,4,13,87,79,230,1075,100,23,179,63,1019,9,72,121,15,94,4,38,70,4,42,12,32,709,105,133,51,48,116,14,126,51,28,7
10:00:00,41,43,82,36,12,309,57,25,43,612,105,415,81,136,5,58,69,20,59,74,154,67,42,715,66,12,36,39,19,168,22,11,21,40,599,86,294,66,0,16,11,60,123,263,5,6,19,10,96,44,59,16,33,39,474,4,16,44,13,15,138,30,304,19,37,96,45,15,27,56,75,175,11,343,23,712,131,11,123,40,89,280,124,23,174,59,17,119,4,60,697,26,32,17,317,84,70,30,21,47,89,20,151,49,73,60,18,218,157,31,9,552,51,84,9,27,31,21,151,7,33,20,45,62,17,60,49,44,1257,21,553,111,75,73,17,728,94,74,498,913,27,34,51,40,299,178,137,12,5,124,51,29,19,18,44,7,211,6,12,20,21,14,14,7,760,22,203,15,63,1632,708,17,65,12,727,149,13,37,14,58,41,14,102,32,31,11,81,71,11,1,23,14,3,8,254,85,294,40,290,14,26,15,843,2,11,34,28,44,36,105,170,96,226,23,20,33,55,20,838,11,11,87,100,9,54,132,632,87,8,456,25,62,70,52,5,12,93,77,245,1109,105,24,166,56,1071,8,74,114,14,101,5,43,70,4,42,8,30,737,91,129,50,42,114,15,127,52,31,8
10:15:00,41,47,86,30,11,277,59,24,46,597,103,441,87,137,6,54,69,19,49,78,156,69,46,738,58,11,34,42,21,178,23,10,20,41,659,84,280,67,0,10,14,54,102,281,7,4,18,9,80,39,52,15,35,42,499,4,14,46,12,15,137,29,292,20,35,98,38,16,28,46,80,178,14,381,28,727,129,8,109,34,84,275,125,29,164,55,18,102,4,51,787,26,30,16,304,89,54,22,20,38,91,20,140,45,66,58,16,205,166,30,8,496,46,87,9,24,29,21,165,6,31,19,77,52,17,59,50,45,1301,22,564,113,79,62,14,733,87,66,520,984,27,29,53,40,299,178,128,2,5,110,51,27,20,18,34,6,229,5,14,19,25,15,12,7,835,20,180,18,56,1715,696,14,70,12,781,148,13,40,12,56,37,14,105,24,30,10,77,45,10,0,20,13,3,10,218,84,292,42,269,14,26,15,851,6,10,35,30,42,36,94,178,85,241,20,16,35,57,21,972,11,10,81,102,7,52,118,614,83,7,501,21,52,71,38,4,14,98,74,288,1135,106,19,151,42,1114,9,76,95,9,92,4,44,75,4,47,11,27,807,87,124,49,38,81,18,129,56,30,11
10:30:00,44,56,95,30,12,294,64,24,48,619,113,446,92,144,8,56,71,21,56,84,163,73,49,837,63,12,34,41,23,203,26,11,23,44,749,97,330,79,0,12,13,67,117,306,4,4,20,10,87,45,63,16,38,47,557,4,16,50,13,17,160,28,279,20,38,104,44,17,29,46,87,195,15,413,30,749,135,7,106,36,93,283,123,31,178,59,20,114,3,57,932,25,35,13,337,105,67,25,22,34,100,20,141,48,65,57,18,238,202,34,9,506,47,95,12,28,30,21,189,6,34,23,174,53,16,74,54,47,1390,23,641,126,83,68,16,855,100,75,575,1090,23,32,59,49,331,179,131,7,5,117,56,24,23,20,33,6,279,6,15,23,25,18,15,8,877,25,196,17,56,1968,741,14,76,14,895,158,13,49,12,57,41,17,125,25,28,16,93,64,14,1,23,14,5,10,216,92,336,46,309,12,27,16,926,9,13,38,35,38,37,108,216,97,257,21,18,39,63,21,1080,10,13,86,114,7,52,132,662,96,8,480,20,52,74,52,4,16,123,83,316,1181,128,21,163,46,1239,12,65,99,9,86,5,47,84,7,49,8,29,846,94,129,53,45,115,20,132,70,33,16
10:45:00,49,58,97,30,11,291,71,28,45,633,118,447,97,149,7,55,86,23,54,81,179,81,46,876,70,13,36,40,24,225,26,13,26,45,824,106,351,84,0,12,12,71,122,319,5,5,18,13,97,50,61,19,39,53,625,3,17,52,13,20,151,27,308,22,42,118,47,15,34,49,86,206,15,428,31,724,131,7,107,45,94,320,128,33,177,67,21,125,3,60,1005,27,36,15,361,117,78,24,23,35,103,21,133,47,60,53,18,252,207,37,11,498,47,97,15,31,29,25,201,8,39,26,183,54,15,75,67,46,1362,26,722,143,83,74,18,946,111,83,616,1164,27,34,72,53,354,191,134,13,5,119,61,26,23,20,36,5,332,6,15,23,26,19,15,9,914,24,193,16,60,2146,812,15,77,15,957,169,14,49,16,60,42,14,143,26,28,19,101,66,15,2,25,15,4,8,217,99,372,48,324,16,27,18,943,7,12,42,33,34,38,116,238,97,267,23,19,40,69,21,1264,11,12,86,118,8,51,140,739,98,9,519,24,62,81,67,5,17,131,88,351,1238,134,24,166,49,1390,14,73,95,10,75,5,44,92,10,52,11,30,869,104,134,63,42,115,22,140,79,30,16
11:00:00,54,56,98,28,14,291,66,32,38,609,128,434,92,154,9,56,94,26,51,85,191,84,46,887,71,14,37,43,25,224,25,15,26,44,851,113,356,89,0,11,12,65,121,327,4,6,18,13,103,52,62,20,37,58,678,3,17,54,13,21,155,26,315,22,45,121,46,17,31,58,78,197,16,445,31,712,121,8,104,42,100,361,123,29,174,66,20,119,3,56,982,29,34,14,375,121,80,25,20,50,112,22,133,50,71,52,20,264,182,34,11,490,41,89,15,35,31,27,194,8,40,29,118,63,19,86,72,40,1332,29,775,157,79,80,18,996,117,90,625,1216,26,36,69,51,360,187,140,17,5,109,65,26,24,22,34,4,378,7,16,24,27,18,15,9,885,29,184,14,63,2232,795,13,62,16,988,163,16,49,17,51,41,15,139,29,27,17,106,87,15,4,26,15,5,9,220,99,384,56,339,17,27,18,930,2,14,40,35,43,39,115,227,100,263,21,18,40,72,24,1278,13,12,84,121,9,55,147,747,106,12,554,27,62,85,59,6,17,133,90,367,1234,145,26,154,48,1448,13,71,98,12,82,7,47,94,11,52,8,32,831,98,146,68,31,126,22,143,85,35,12
11:15:00,58,45,102,32,16,285,69,35,40,587,134,444,92,158,9,53,97,29,46,89,208,88,51,938,73,13,38,53,27,231,26,15,25,44,823,119,378,93,0,11,10,63,115,348,6,5,18,13,103,52,58,19,38,61,763,3,19,59,13,21,162,29,313,28,44,133,40,21,33,56,81,191,15,501,31,717,127,8,102,44,106,394,146,33,183,65,22,111,3,55,916,34,34,19,377,127,78,21,18,42,119,24,140,50,69,50,18,245,193,34,9,495,37,78,15,32,33,27,178,7,39,26,131,63,18,87,73,40,1316,32,797,136,73,80,17,1082,131,91,651,1306,30,30,73,48,347,182,149,7,6,109,63,27,25,24,33,4,431,8,17,23,32,18,13,9,881,28,180,16,60,2318,766,16,70,17,1053,158,16,46,17,54,41,16,142,28,35,16,103,67,13,2,25,18,5,10,212,106,400,59,344,19,26,18,934,1,14,42,41,43,38,113,198,104,260,21,20,39,72,26,1435,15,13,79,114,9,61,153,767,109,13,586,28,67,96,55,6,16,137,89,388,1237,145,23,150,46,1558,14,80,97,12,80,8,51,94,11,55,12,31,841,105,154,67,31,104,24,144,91,41,11
11:30:00,60,50,114,35,17,307,74,36,49,577,143,450,95,162,10,57,102,30,50,98,224,88,59,1048,74,14,44,58,31,251,26,14,27,48,845,141,423,106,0,12,10,73,125,388,6,4,23,18,108,56,69,18,39,64,859,3,21,58,16,22,179,32,315,31,43,148,51,22,34,54,82,201,14,549,31,731,135,10,113,38,110,424,151,38,196,67,24,114,1,61,883,35,34,21,397,138,81,23,20,42,134,25,145,49,70,54,18,288,225,39,9,544,39,80,17,37,40,25,174,7,41,26,215,74,17,98,80,44,1342,29,810,130,73,85,19,1276,147,97,685,1365,29,31,80,51,363,177,159,11,9,116,64,29,29,26,38,5,477,9,16,26,34,21,15,9,856,27,200,18,68,2501,713,17,73,22,1174,162,18,51,19,69,50,20,145,30,38,18,106,84,16,1,25,20,6,12,214,118,438,64,382,17,32,21,973,4,15,45,44,47,42,118,169,116,274,20,23,41,81,29,1489,17,16,86,118,10,62,167,820,125,14,574,30,67,103,60,6,17,164,107,391,1251,162,29,159,53,1612,14,73,122,15,88,7,57,98,9,56,12,35,795,113,170,70,44,152,24,156,101,47,9
11:45:00,63,50,122,35,18,324,79,38,55,622,144,468,104,169,9,61,101,29,58,99,233,88,59,1100,81,15,48,60,30,273,27,17,29,54,916,149,417,109,0,15,9,78,128,401,8,5,22,20,115,64,72,19,41,66,943,4,21,57,16,22,172,32,321,34,49,155,56,21,41,54,85,217,17,564,34,693,141,11,122,45,115,403,161,42,216,74,27,125,3,63,851,37,34,22,418,144,88,25,23,42,135,27,154,53,73,53,19,308,244,44,11,584,43,88,17,41,42,25,182,9,50,25,279,75,16,100,84,49,1321,28,796,139,75,91,19,1410,159,103,708,1410,32,33,90,53,381,178,171,13,9,124,65,30,32,28,42,7,471,9,15,28,36,24,15,10,873,25,223,21,70,2567,766,20,76,22,1270,165,21,59,20,69,55,23,153,30,38,19,103,78,14,0,26,22,6,13,221,130,490,63,393,19,33,24,1006,5,14,50,43,54,47,115,160,113,283,23,25,43,90,28,1641,21,18,94,132,9,62,172,897,119,12,586,35,73,105,58,7,18,187,114,394,1284,174,33,170,61,1613,14,91,127,17,87,6,58,105,12,58,13,36,795,119,176,73,40,164,26,163,103,47,22
12:00:00,64,55,120,33,20,333,74,42,53,601,154,467,100,177,9,62,109,27,56,110,238,88,61,1094,86,15,52,55,27,286,29,20,32,54,939,156,411,112,0,13,8,75,120,409,7,5,24,20,118,65,77,20,41,68,967,4,21,57,17,24,175,29,329,33,49,159,63,21,42,59,86,212,18,567,35,667,132,13,115,55,121,422,152,39,208,73,27,125,4,59,805,37,34,19,448,147,86,28,22,57,141,25,161,59,86,53,23,325,242,41,14,595,47,84,16,41,45,25,185,10,55,27,267,79,19,102,86,44,1292,32,737,145,74,95,20,1461,155,108,704,1467,32,37,85,54,390,181,179,12,8,123,73,35,32,26,40,8,441,11,18,31,40,24,15,11,862,28,224,22,74,2507,777,22,77,22,1276,166,20,76,21,63,55,24,148,33,32,19,101,114,14,3,26,23,8,19,235,133,513,63,386,20,37,24,999,6,16,51,45,57,53,135,146,114,274,24,24,44,92,29,1553,20,20,101,143,8,70,169,938,132,13,578,37,74,102,33,6,19,204,108,391,1277,192,33,167,61,1560,14,95,133,17,83,7,57,108,10,60,10,39,784,118,174,78,41,134,27,168,109,49,25
12:15:00,68,48,121,35,20,325,78,43,53,575,162,461,102,187,7,59,115,26,56,119,235,89,64,1086,87,17,54,59,28,303,32,24,34,57,965,154,423,112,0,15,6,66,112,415,8,4,24,14,125,66,78,21,38,73,992,4,28,63,15,25,190,31,319,37,51,168,67,24,45,62,99,212,23,570,35,681,129,15,115,61,125,414,165,42,213,73,28,118,4,58,778,40,37,24,450,163,95,29,23,50,143,31,168,62,88,49,24,308,258,50,13,601,45,82,18,40,44,29,201,11,61,29,0,76,24,98,85,45,1248,37,688,130,71,92,19,1545,169,113,698,1532,32,36,85,53,388,184,186,8,5,123,79,37,32,26,42,8,419,13,22,31,43,25,17,14,831,27,223,23,73,2512,832,24,90,24,1287,164,20,93,24,65,53,25,155,35,36,17,101,137,14,3,26,20,8,23,243,146,518,61,379,24,34,22,962,6,17,55,55,58,50,152,140,110,273,24,26,44,93,28,1679,19,21,93,138,9,82,175,959,133,13,568,40,80,110,39,5,19,207,92,382,1263,195,29,167,58,1562,20,107,119,15,79,9,59,109,11,65,10,39,770,116,166,78,41,119,27,165,110,54,22
12:30:00,74,52,128,37,23,351,90,46,53,590,170,458,107,192,9,66,122,35,55,128,246,92,78,1200,97,17,60,57,31,328,30,24,38,57,998,173,472,120,0,14,6,69,117,445,6,4,26,16,140,74,85,23,38,81,1037,5,32,64,19,24,212,39,341,40,60,182,67,22,44,67,101,224,24,611,35,708,122,19,114,55,131,414,152,52,207,77,29,133,3,65,814,44,38,26,474,173,97,32,27,48,157,33,160,62,90,57,23,323,264,55,14,641,43,85,20,45,51,32,230,11,59,33,0,86,24,92,99,54,1243,40,693,129,76,98,23,1665,189,123,732,1618,35,42,92,53,397,188,194,9,7,120,81,35,37,29,44,7,451,13,22,33,45,28,20,12,813,29,234,21,75,2672,797,20,96,26,1385,173,20,98,28,73,58,28,158,36,41,20,107,107,18,1,29,20,7,21,245,152,539,68,408,23,39,24,971,9,19,57,61,58,50,150,137,118,282,24,27,45,105,32,1723,21,19,91,140,10,85,187,1009,146,14,575,42,79,127,57,6,20,219,107,379,1326,209,33,172,58,1552,26,98,136,16,83,8,67,119,10,66,14,40,743,119,171,87,52,202,24,179,119,59,25
12:45:00,87,56,136,39,25,381,100,51,56,625,175,465,119,193,12,72,105,44,68,123,238,96,81,1276,104,18,63,65,31,349,31,24,41,60,1019,179,480,126,0,17,8,78,122,458,9,4,25,15,153,84,88,25,46,87,1110,5,36,68,18,25,215,46,363,46,66,198,68,23,45,67,102,246,26,631,36,696,122,21,119,59,134,426,167,59,233,85,30,154,3,69,843,50,43,27,489,181,111,28,28,52,151,37,160,61,87,63,24,323,276,63,12,675,46,87,21,48,55,37,248,12,64,34,369,86,23,90,105,63,1264,43,729,136,82,108,23,1771,206,137,745,1675,40,43,110,59,396,183,198,8,9,121,84,31,41,38,47,8,485,14,23,37,48,27,20,11,825,32,247,25,73,2808,745,19,102,24,1497,174,20,108,30,75,63,34,170,36,49,25,109,104,15,0,28,24,8,20,250,163,584,76,427,23,40,28,1005,12,16,60,62,62,51,134,138,125,295,27,27,46,115,31,1900,23,19,98,134,9,88,205,1064,140,15,590,45,82,134,80,6,21,222,115,374,1356,208,36,184,59,1541,27,121,154,18,81,9,74,127,16,68,19,41,733,123,178,93,47,204,26,196,123,60,33
13:00:00,96,62,131,44,24,400,91,52,54,601,179,467,117,195,13,74,110,47,68,127,243,99,86,1226,105,21,67,65,31,357,33,22,49,68,1042,190,480,137,0,16,11,89,125,457,7,7,26,18,148,86,94,26,48,85,1161,5,35,66,21,27,228,49,365,46,63,208,73,23,52,66,101,257,21,644,36,669,123,23,111,58,140,468,162,58,233,95,34,167,6,68,797,59,43,26,512,185,110,33,26,69,159,36,173,57,89,65,29,331,269,63,11,666,49,94,19,52,58,40,234,15,63,35,18,85,23,89,115,65,1264,44,724,142,86,112,22,1762,217,146,775,1657,42,45,120,61,377,179,198,5,9,117,90,34,46,39,47,9,514,13,24,43,53,28,20,9,836,39,250,25,77,2712,743,22,101,26,1488,170,20,114,35,79,67,39,176,35,46,28,104,106,18,4,31,28,10,17,258,172,626,78,433,25,41,29,1026,14,19,59,64,69,55,141,127,130,290,29,31,47,116,34,1791,26,21,112,133,9,87,208,1071,156,17,588,43,79,141,83,7,27,220,107,359,1422,228,37,175,58,1488,21,118,179,17,75,8,80,135,15,72,20,44,725,130,181,107,64,210,31,212,135,67,34
13:15:00,100,54,137,51,20,387,89,54,49,563,180,458,132,210,11,76,116,41,66,131,247,96,88,1144,96,24,74,75,32,370,36,22,56,76,1064,184,462,152,0,20,13,89,124,438,7,7,27,18,145,83,91,27,50,89,1159,6,40,71,20,30,258,49,360,48,66,217,75,27,59,72,109,265,25,624,40,678,120,24,117,51,148,461,171,61,232,94,37,155,6,62,774,70,44,33,521,193,113,42,24,69,166,42,183,58,96,64,31,291,303,66,12,662,51,101,18,57,58,44,215,15,68,36,141,80,28,85,121,61,1258,46,709,140,87,109,20,1747,233,153,777,1604,38,44,121,58,376,176,191,11,9,126,93,37,51,42,52,11,484,15,29,43,59,32,24,12,793,38,253,27,83,2656,793,28,101,35,1441,177,21,122,42,85,67,43,184,37,53,27,100,188,17,7,34,28,11,18,250,194,612,78,439,28,42,34,997,15,21,60,70,76,60,153,130,126,288,32,35,47,112,33,1896,26,24,114,128,10,88,209,1054,150,17,588,42,86,158,79,7,29,238,96,343,1464,241,36,174,60,1414,19,128,174,17,81,9,81,136,9,71,17,43,698,132,181,112,75,180,32,224,134,76,30
13:30:00,97,49,139,54,19,393,96,58,50,565,179,440,141,224,13,81,137,43,60,136,261,97,97,1116,100,24,79,70,36,389,37,22,58,77,1042,195,457,160,0,22,11,86,127,459,5,6,28,16,153,85,94,29,50,99,1172,7,43,71,23,32,277,48,379,51,74,221,71,30,56,77,106,271,32,661,40,691,117,22,118,56,152,449,163,66,217,100,36,162,5,61,811,75,42,38,565,187,111,48,27,64,174,41,180,54,107,69,35,323,305,64,16,722,51,104,18,64,67,44,213,13,69,36,273,90,25,89,122,62,1285,52,713,145,90,109,25,1761,249,158,802,1605,40,47,118,56,402,185,197,22,7,128,96,37,59,47,60,9,449,16,30,43,58,33,26,12,785,39,260,25,90,2705,776,27,104,41,1528,189,22,121,45,87,71,50,182,41,55,28,100,194,20,7,36,31,11,23,262,207,605,76,450,27,50,37,1019,17,27,54,71,76,67,157,131,120,272,33,37,49,123,40,1863,34,27,122,143,12,90,221,1142,166,18,552,47,89,169,82,7,30,258,114,338,1565,267,41,184,70,1405,21,117,185,22,85,11,85,140,17,77,17,43,720,138,194,119,80,228,31,227,132,79,31
13:45:00,88,46,141,53,19,396,111,63,48,566,189,432,139,232,16,79,130,47,66,135,260,94,98,1172,94,24,79,73,38,401,37,24,58,72,983,199,461,156,0,21,11,92,131,479,8,5,26,19,167,89,94,30,57,103,1193,6,50,75,24,30,257,47,382,53,72,228,70,31,57,75,103,275,35,643,39,664,121,18,123,71,150,480,171,68,241,99,32,165,4,64,836,75,45,39,593,199,113,44,29,69,162,40,160,54,94,73,36,335,314,66,18,773,52,101,21,61,65,46,221,13,77,37,367,94,28,86,112,63,1324,55,763,144,88,117,28,1767,256,162,785,1595,45,48,123,56,426,177,206,29,6,125,95,36,59,49,66,11,427,18,31,41,62,31,23,15,752,39,265,25,88,2742,730,28,104,38,1629,191,26,118,41,83,74,53,192,42,53,32,100,178,18,3,34,39,11,25,274,211,607,75,452,25,54,40,1029,13,26,56,67,75,66,163,138,130,291,32,39,52,127,40,1984,34,30,127,152,12,94,222,1256,163,19,558,53,91,170,79,8,28,269,119,328,1607,253,43,197,74,1437,27,153,181,27,84,15,80,134,24,78,16,49,726,142,198,112,53,180,30,237,135,72,35
14:00:00,85,46,134,51,17,391,105,59,49,557,188,418,120,223,15,78,136,47,72,133,260,95,102,1183,88,25,75,70,37,412,37,24,54,79,955,206,470,153,0,20,12,94,126,466,9,6,27,30,160,91,99,29,57,98,1191,5,55,72,24,29,250,44,375,46,65,232,67,30,57,71,101,276,30,612,39,655,124,15,108,85,152,545,166,60,250,98,29,171,5,65,808,68,41,35,595,197,118,44,29,79,165,36,143,45,77,65,34,369,273,61,17,752,51,100,23,61,66,48,218,13,81,35,157,90,33,83,104,66,1323,48,787,131,80,124,29,1722,277,166,779,1553,44,49,123,51,423,172,205,26,7,111,97,39,56,44,64,14,410,16,29,41,66,33,23,16,746,40,263,26,83,2678,702,23,98,32,1600,187,26,100,36,88,75,55,192,38,50,32,93,133,21,2,38,35,13,23,286,209,621,79,445,28,51,36,1045,13,26,57,72,74,62,161,133,127,295,30,43,55,129,45,1854,35,32,135,150,11,92,220,1228,174,20,540,49,85,157,74,10,31,273,110,307,1548,258,42,187,70,1387,29,140,184,26,83,15,81,131,22,79,18,55,718,136,195,114,59,231,32,235,145,72,36
14:15:00,83,45,134,58,17,359,105,58,50,555,190,417,119,223,12,81,124,43,72,129,259,92,98,1189,83,26,78,76,35,421,34,24,58,84,949,201,484,161,0,20,10,90,112,429,11,6,26,29,161,93,104,29,57,98,1127,6,59,78,21,28,253,46,381,44,71,226,63,30,61,69,100,274,27,557,42,649,119,15,108,82,152,538,171,73,268,95,32,163,5,64,796,69,42,38,550,188,113,48,27,69,171,40,137,50,67,67,31,307,274,62,15,684,51,93,22,64,65,52,219,12,78,35,144,89,37,75,107,61,1324,51,772,125,75,122,26,1634,287,164,766,1468,42,47,122,53,409,166,199,18,6,109,94,44,50,44,60,17,422,15,28,43,68,39,24,15,706,39,252,29,85,2661,738,25,92,35,1478,192,27,86,34,89,68,54,196,35,53,30,87,115,19,2,38,33,13,20,277,208,603,80,436,32,48,39,1045,15,22,60,78,77,64,150,133,123,295,30,43,54,125,46,1897,31,33,132,139,10,90,214,1166,158,19,551,50,89,161,89,9,29,295,103,306,1391,258,34,184,67,1294,26,150,184,24,84,15,74,127,10,72,18,51,692,130,186,109,67,188,32,239,147,74,39
14:30:00,86,55,130,68,17,341,100,56,56,578,187,413,120,224,14,80,137,45,75,128,268,102,105,1150,86,28,81,73,33,424,32,22,60,87,962,209,498,169,0,20,8,81,112,414,8,5,28,26,162,96,108,29,54,102,1084,7,53,78,22,31,262,50,370,48,79,218,64,33,59,73,104,281,29,565,42,658,118,14,109,65,149,517,157,80,254,102,35,155,3,62,804,67,40,39,501,172,116,49,30,57,177,43,142,55,74,70,31,320,265,67,14,635,54,92,24,72,71,56,220,11,75,37,195,89,33,75,111,66,1375,59,776,126,77,126,22,1575,279,160,776,1389,44,45,128,57,432,176,203,17,7,112,103,44,52,51,61,14,434,15,25,51,64,33,23,14,693,38,254,29,93,2740,748,26,94,39,1443,194,25,88,37,91,70,56,195,35,58,30,84,149,22,2,37,33,13,25,287,208,590,81,429,32,52,43,1033,20,25,56,70,80,65,144,136,116,297,31,39,53,131,45,1785,34,33,133,127,11,92,227,1150,171,19,553,52,93,166,101,6,28,291,114,312,1329,270,35,182,73,1298,21,126,204,24,81,15,72,135,17,79,20,46,695,127,195,111,88,205,33,222,138,72,25
14:45:00,89,55,138,68,18,324,99,70,55,570,185,410,119,238,14,73,132,49,72,124,265,103,122,1175,84,27,87,78,34,427,33,25,60,79,950,215,515,165,0,19,9,90,117,408,8,4,25,23,170,104,105,30,56,107,1074,6,45,80,24,31,249,53,378,50,76,214,68,35,63,79,111,281,33,554,41,649,113,12,112,60,155,501,145,79,281,102,35,137,4,61,804,72,41,39,462,172,106,46,30,60,163,43,140,55,69,76,28,298,292,69,16,605,54,100,22,69,68,52,223,12,76,38,321,99,29,65,128,64,1413,67,805,121,80,136,20,1459,248,162,792,1368,49,46,139,61,450,175,212,18,7,111,109,40,49,52,59,12,460,15,29,50,63,31,23,15,659,39,254,28,97,2685,804,28,91,38,1381,188,24,87,42,87,74,51,205,36,56,32,85,127,17,2,33,35,14,25,278,211,573,80,419,28,48,44,1009,19,26,56,69,85,70,146,145,129,305,32,40,55,133,36,1832,37,33,121,118,12,95,236,1115,177,18,626,57,97,182,99,4,33,243,108,323,1362,271,39,177,73,1321,21,144,202,26,80,17,67,146,24,80,20,45,696,132,192,114,70,218,33,227,131,78,29
15:00:00,92,63,146,61,16,324,99,82,56,557,185,390,112,233,14,71,135,52,78,126,264,100,149,1175,82,27,87,79,36,437,36,28,53,71,928,221,497,160,0,20,12,97,114,401,5,6,27,24,165,101,107,34,56,104,1052,5,40,77,26,32,270,50,400,48,63,219,71,36,59,75,111,282,42,554,46,647,99,11,94,73,156,546,142,64,276,104,33,126,7,56,789,68,38,38,454,171,110,45,30,76,155,38,143,50,65,75,32,313,270,70,15,570,54,108,30,69,69,48,226,13,80,36,171,98,29,65,145,59,1460,63,832,124,82,142,22,1411,231,169,798,1375,43,44,145,55,437,176,218,8,11,105,104,40,46,52,62,11,449,16,29,49,75,32,24,18,649,39,252,30,88,2612,726,23,86,35,1331,187,24,84,45,87,78,55,202,36,53,33,79,176,17,4,31,29,17,28,280,217,582,81,401,31,44,36,962,18,29,54,76,87,73,143,138,124,299,32,41,59,135,38,1720,38,31,112,112,12,96,237,1056,211,20,648,57,97,177,64,5,39,215,99,347,1449,297,42,161,68,1382,23,120,186,26,77,18,69,148,19,77,20,47,689,128,193,119,63,204,32,232,122,82,41
15:15:00,95,60,162,55,18,316,108,86,55,540,196,385,113,237,13,80,120,54,76,130,269,95,152,1180,79,26,94,82,41,450,35,32,58,71,894,233,503,172,0,23,12,98,107,403,10,7,27,18,171,100,116,42,55,101,1041,6,41,80,26,32,274,50,408,51,68,225,65,33,60,79,118,282,50,545,49,678,101,11,98,74,157,543,155,77,296,104,32,128,6,59,772,73,42,45,456,171,101,48,31,71,151,42,165,45,63,79,34,286,274,73,17,569,53,102,37,70,69,49,225,15,83,38,120,98,31,63,147,53,1523,62,818,120,80,141,25,1378,242,176,815,1354,43,44,150,53,424,185,221,10,10,104,103,38,45,52,62,13,515,16,31,50,79,38,24,21,609,38,248,34,86,2557,696,25,81,37,1327,191,26,94,49,82,76,55,203,34,54,37,83,148,14,3,29,27,16,26,277,230,593,76,396,36,42,33,910,20,31,55,92,87,78,139,121,122,290,30,46,63,138,40,1806,34,29,117,109,11,101,226,1067,204,22,639,63,96,186,64,7,37,207,97,355,1499,307,39,153,69,1417,22,126,172,26,68,17,69,143,16,71,29,45,670,128,184,130,60,182,30,250,118,85,42
15:30:00,93,64,152,57,18,338,106,75,56,530,208,375,110,238,19,85,130,60,84,135,284,99,144,1161,79,28,95,84,41,454,35,29,68,74,894,245,531,174,0,26,13,101,108,403,7,5,29,20,172,106,121,46,58,108,1040,7,43,85,26,31,277,53,403,55,76,232,66,29,58,99,115,294,45,557,56,736,105,13,99,82,160,548,167,85,278,114,33,135,5,63,771,74,44,48,478,180,104,56,35,63,161,44,185,53,74,85,36,291,275,75,18,588,54,96,37,76,73,52,231,16,83,45,129,93,28,62,139,66,1577,63,837,116,76,145,24,1394,266,189,832,1373,49,55,157,47,438,202,235,22,9,105,108,42,52,62,66,13,560,18,28,59,81,39,27,19,578,44,263,37,86,2528,764,26,85,39,1429,201,28,106,50,89,80,60,210,38,63,40,86,188,22,3,32,29,15,28,291,238,597,75,396,36,49,39,886,22,34,53,89,83,84,161,113,123,291,31,51,61,145,42,1735,34,33,132,102,12,102,241,1096,212,25,602,59,96,193,51,10,33,223,103,355,1547,321,45,155,76,1493,17,116,182,30,69,16,75,143,20,72,31,47,660,124,191,136,87,226,29,239,113,84,41
15:45:00,97,60,149,62,21,350,108,76,60,499,213,379,111,260,18,91,125,58,81,136,282,104,134,1142,76,29,102,89,39,472,42,31,71,75,872,251,545,184,0,24,16,97,110,425,8,5,28,14,181,115,126,44,62,111,1055,9,40,84,27,34,265,53,408,57,89,241,72,34,63,108,113,298,35,549,57,771,103,13,99,87,167,563,163,88,286,118,32,128,6,63,746,83,46,48,487,186,99,52,34,70,156,42,181,54,77,87,34,257,300,78,22,574,54,104,28,67,72,53,229,17,92,48,235,100,27,55,143,71,1600,63,855,104,73,153,25,1382,272,186,849,1388,56,59,161,45,444,205,241,20,7,99,116,44,50,64,68,13,607,20,31,59,84,39,28,16,543,48,275,37,95,2414,830,27,84,39,1420,197,28,105,51,99,88,52,220,42,66,48,83,166,19,4,35,31,16,26,301,257,589,80,387,34,49,45,879,19,31,53,95,86,85,186,123,133,275,32,56,61,155,36,1758,34,39,137,96,14,102,254,1037,189,23,589,64,102,196,78,9,34,218,96,353,1569,322,54,155,78,1562,14,136,198,32,70,20,73,151,20,78,34,51,635,122,187,142,82,336,32,238,113,95,44
16:00:00,101,65,138,62,22,351,114,78,60,473,223,366,109,261,18,92,148,60,83,137,286,100,139,1106,79,30,104,89,38,497,45,35,68,77,864,253,541,197,0,23,20,86,103,442,6,7,29,22,193,123,138,43,69,110,1022,9,41,83,30,39,281,57,432,52,89,242,88,42,66,92,107,307,41,541,65,764,99,14,89,92,176,659,151,83,291,129,32,126,11,62,680,77,48,43,497,180,95,57,32,92,158,43,165,57,68,92,41,288,285,80,24,528,55,113,28,65,78,56,211,16,95,46,134,101,33,57,148,76,1612,58,804,102,79,157,25,1341,276,195,860,1354,56,55,168,47,435,216,251,18,7,90,118,41,52,65,71,13,642,21,29,61,96,40,30,19,540,54,276,39,92,2335,782,26,87,40,1353,184,32,102,50,101,91,54,217,42,58,49,73,157,24,4,36,34,21,29,294,257,584,79,358,40,51,41,810,17,31,53,100,95,79,182,117,127,256,32,55,63,162,38,1646,38,39,135,87,14,101,261,977,210,24,572,67,107,206,76,6,35,224,88,375,1608,319,52,153,74,1633,15,119,218,30,75,21,77,160,17,83,37,51,590,114,192,148,69,241,32,249,109,97,43
16:15:00,101,53,151,63,31,355,119,86,64,450,236,366,113,274,18,97,151,55,92,139,302,98,140,1066,76,33,115,91,40,513,48,39,67,83,800,270,542,214,0,29,20,85,99,437,11,8,29,23,195,127,147,42,67,118,974,8,42,90,30,43,304,62,409,52,103,261,90,45,77,78,120,324,48,548,67,780,110,13,92,90,197,650,157,93,305,123,30,118,10,67,635,85,48,51,473,176,89,64,32,84,160,52,172,59,66,96,44,324,328,86,27,508,55,117,32,64,81,61,194,19,107,43,93,102,42,54,151,78,1718,57,757,93,78,158,25,1350,276,204,912,1326,52,54,177,49,442,221,257,11,6,87,130,38,59,71,76,15,706,20,33,63,94,37,28,22,514,53,276,44,101,2261,836,31,87,48,1340,165,32,112,50,93,95,58,219,40,64,50,70,161,22,0,37,33,22,27,283,275,587,76,336,45,52,39,721,14,32,64,107,102,80,166,110,125,252,33,66,66,171,44,1682,42,38,133,85,15,112,258,955,201,29,572,74,106,215,101,5,33,234,90,380,1712,322,47,156,71,1714,20,122,217,29,78,18,77,173,16,84,34,49,557,117,189,166,71,199,35,265,109,102,38
16:30:00,99,51,159,59,30,366,126,87,71,435,251,365,112,279,23,100,156,60,103,147,325,98,149,1020,76,33,117,92,43,541,46,38,70,89,784,281,555,205,0,32,22,95,101,428,11,5,33,30,198,142,154,44,68,129,938,8,44,99,30,42,323,61,443,59,113,259,92,41,79,77,116,342,46,576,69,826,110,14,96,101,218,682,180,106,318,136,29,117,7,71,637,88,50,53,500,206,88,68,37,79,179,58,188,63,76,103,48,307,347,95,25,509,58,122,32,73,87,63,196,18,105,47,83,105,37,56,156,85,1784,69,739,87,71,161,23,1480,284,230,972,1378,56,60,187,47,449,240,276,27,9,95,138,42,68,83,83,15,762,22,34,69,93,48,30,25,489,57,298,43,105,2211,986,29,104,51,1422,169,38,113,50,101,101,68,232,41,72,53,64,181,27,1,37,31,21,32,285,286,595,75,325,49,56,42,658,14,34,65,109,109,89,169,107,123,256,38,70,71,184,47,1558,42,37,142,90,15,127,279,958,224,35,575,76,117,231,86,6,36,223,97,408,1830,347,56,162,76,1800,21,120,235,32,93,19,78,184,29,87,39,50,540,115,204,173,100,253,38,273,106,108,49
16:45:00,102,57,168,67,32,400,137,95,79,414,266,364,116,271,22,109,152,62,102,158,330,101,153,971,82,36,121,106,45,578,50,35,75,93,758,274,568,204,0,33,21,101,102,441,11,6,34,27,233,155,167,49,70,133,946,8,39,93,32,38,331,61,479,66,124,274,98,36,77,87,122,345,40,579,62,895,100,15,98,113,223,656,188,110,339,144,31,115,7,67,624,99,53,56,525,209,89,64,39,87,171,53,183,66,75,104,51,265,376,102,28,505,59,137,32,69,81,61,195,21,110,52,129,120,37,54,166,81,1890,70,744,88,65,169,26,1579,284,224,989,1385,61,66,194,46,433,245,284,19,10,97,136,47,63,84,89,14,815,27,37,71,91,51,29,24,436,55,319,45,119,2078,1048,31,106,51,1430,170,39,114,52,107,108,61,257,46,72,58,54,210,26,5,37,34,23,32,299,301,600,82,314,47,56,42,620,23,36,64,112,121,94,176,105,125,254,43,76,73,196,42,1578,39,41,143,93,16,137,290,916,206,36,580,80,129,227,78,9,42,225,96,419,1927,352,60,163,83,1886,23,147,239,35,94,26,72,196,28,94,41,57,517,116,205,179,90,333,46,270,96,119,55
17:00:00,106,66,175,62,32,421,158,115,78,391,282,369,112,262,22,111,171,68,97,162,336,99,199,900,87,36,132,110,44,618,49,36,75,98,681,278,600,206,0,35,25,92,94,447,7,7,34,34,247,170,184,56,77,124,942,11,44,93,35,38,336,61,510,64,129,275,114,43,76,97,134,347,42,581,71,969,91,17,90,122,217,699,183,106,347,154,31,116,10,62,572,101,62,52,568,213,95,71,36,114,162,52,190,70,69,110,54,244,371,107,27,498,61,147,31,69,82,59,179,20,116,53,55,130,43,59,174,75,2078,70,689,85,62,182,26,1559,280,228,1020,1416,70,65,213,46,414,268,288,15,12,89,147,43,58,82,91,14,929,29,35,76,113,59,37,23,430,65,317,46,126,1973,1095,26,114,49,1385,165,43,117,53,116,110,60,272,47,71,60,49,304,32,6,40,35,24,31,290,287,583,79,302,52,57,47,554,29,40,59,125,150,100,178,98,127,236,48,68,78,208,44,1493,39,44,155,90,16,142,278,865,250,34,582,78,140,240,64,10,45,222,88,454,2017,364,60,160,84,1995,21,136,256,37,98,27,75,196,29,101,46,61,484,110,203,189,70,306,59,272,92,131,42
17:15:00,116,65,184,61,38,444,171,147,80,377,286,388,107,280,20,116,181,66,106,163,349,103,236,865,87,37,154,116,41,641,56,41,70,105,631,285,604,215,0,39,23,101,92,450,9,8,35,16,255,174,183,65,74,133,935,13,44,98,37,39,367,66,520,64,138,288,116,46,82,103,146,349,43,599,84,1077,101,16,91,111,229,691,196,114,362,150,35,115,9,60,553,108,67,62,584,213,105,79,32,101,161,57,198,77,67,102,54,277,407,112,29,499,63,148,31,74,86,63,174,20,128,52,43,138,53,61,186,73,2351,74,670,90,61,193,28,1593,260,231,1066,1440,68,69,227,41,407,289,305,4,12,94,154,42,53,87,96,15,969,26,37,79,126,59,40,25,442,77,335,50,136,1916,1214,34,116,55,1409,160,43,120,57,115,113,60,283,51,75,57,47,329,27,4,44,34,23,27,296,298,583,83,298,55,64,48,556,20,43,70,129,161,121,174,94,137,211,51,80,81,220,52,1521,41,46,164,93,20,143,283,875,264,37,609,77,138,235,116,9,43,220,98,494,2252,402,52,163,89,2148,23,136,237,35,95,24,75,210,21,112,57,65,475,109,202,199,80,273,67,272,101,135,60
17:30:00,126,67,198,55,36,463,180,156,83,386,293,414,116,297,23,126,212,65,110,175,384,118,250,853,90,37,156,119,40,661,59,49,75,108,615,305,627,218,0,41,22,111,102,471,8,6,41,43,259,182,184,75,73,135,953,16,44,103,39,46,362,72,576,69,148,290,113,51,91,92,143,371,47,661,95,1166,111,16,104,123,249,687,202,126,396,156,36,121,6,64,574,101,73,63,647,214,106,74,36,106,171,64,199,82,67,101,52,296,416,127,34,513,65,153,34,75,90,67,172,16,126,57,74,146,44,71,194,82,2560,83,648,87,63,204,27,1797,267,248,1215,1568,69,67,236,44,416,332,323,15,14,103,166,45,55,93,101,19,1062,24,35,87,132,67,43,28,462,94,372,58,140,1942,1282,38,133,53,1537,166,48,129,64,126,121,65,287,54,80,64,52,400,36,3,41,33,21,35,313,311,572,85,297,52,70,53,573,5,40,72,123,164,131,187,99,144,206,54,85,81,222,52,1449,43,40,178,97,20,148,293,947,301,42,662,83,143,248,147,7,43,211,103,558,2469,433,63,173,92,2387,25,124,263,37,112,27,79,232,26,119,69,62,477,104,219,211,99,290,64,292,106,133,66
17:45:00,129,65,217,67,41,508,178,143,88,418,299,434,132,294,24,129,213,60,112,184,402,125,208,811,100,46,145,133,42,688,60,49,78,107,639,316,622,223,0,41,18,121,107,500,16,7,43,59,299,188,195,87,81,136,994,13,45,100,37,49,369,81,599,72,142,283,118,53,91,96,143,383,48,686,97,1200,123,16,123,143,258,577,208,129,397,163,33,137,8,66,562,98,75,59,692,188,103,68,39,119,167,65,191,79,60,109,64,292,440,127,39,538,66,161,34,81,98,77,162,21,135,60,119,168,40,75,196,91,2601,79,612,84,67,202,26,1977,282,243,1297,1606,68,70,237,47,406,333,328,29,15,106,167,51,53,104,101,23,1099,26,38,96,115,69,44,28,448,95,410,67,143,1867,1359,39,127,53,1631,176,56,140,73,130,124,66,292,60,96,72,48,360,36,5,42,39,25,43,348,328,598,84,296,47,75,49,574,13,40,74,125,154,130,193,93,147,210,58,98,84,219,44,1482,48,47,170,92,20,162,307,973,269,45,696,101,148,248,149,9,43,214,102,563,2508,422,66,182,98,2449,27,156,257,40,114,31,77,258,39,118,64,62,485,110,222,211,92,288,58,311,98,138,72
18:00:00,117,70,219,66,47,525,167,124,86,431,306,425,136,304,23,123,206,60,107,180,405,116,185,722,99,51,144,125,43,727,59,47,84,107,578,321,656,220,0,42,25,112,108,473,13,8,43,50,298,195,206,86,84,135,1019,17,47,94,37,46,379,77,606,69,145,297,118,66,91,100,152,386,48,657,111,1145,126,15,129,144,245,618,197,115,369,167,33,130,11,62,540,96,73,55,682,201,97,71,42,141,166,72,216,89,61,125,63,268,423,122,61,535,63,157,33,81,101,83,159,25,143,60,64,173,44,79,196,98,2544,84,589,74,66,194,26,1946,290,256,1285,1549,73,72,251,47,377,313,306,29,19,101,181,54,57,107,98,25,1172,28,36,99,119,68,50,28,412,87,429,72,140,1704,1353,33,123,50,1655,170,63,156,73,122,133,68,300,61,101,74,44,429,47,5,45,40,26,48,354,318,593,77,277,54,77,53,556,24,50,72,138,140,125,189,91,136,205,58,93,88,218,46,1355,50,48,160,89,20,167,304,912,259,40,662,101,148,253,99,11,43,226,104,526,2354,384,71,172,98,2328,33,146,274,41,112,32,75,255,46,116,49,64,464,117,228,208,70,297,49,323,88,144,50
18:15:00,120,74,212,70,58,533,175,115,87,393,305,383,144,315,20,118,199,61,105,177,387,107,176,651,96,49,154,123,42,782,58,42,80,112,577,312,632,223,0,40,27,113,109,451,14,9,40,39,300,186,205,84,86,131,1000,16,44,94,36,38,375,77,603,67,149,302,119,64,94,101,160,368,47,614,111,1047,113,16,132,134,229,721,201,126,351,163,35,126,11,58,529,102,68,63,666,215,96,74,41,110,170,79,226,93,61,119,66,245,439,119,78,506,64,145,34,75,92,88,150,26,144,59,44,160,50,67,191,98,2361,76,547,79,64,179,28,1839,278,253,1226,1472,68,70,255,40,357,275,309,28,18,105,174,55,54,108,103,23,1214,28,40,92,122,64,49,30,394,76,442,68,144,1515,1269,33,125,51,1595,165,61,147,71,122,129,63,302,57,97,70,40,310,44,3,45,40,26,41,338,323,594,78,262,60,73,52,560,33,50,71,133,131,122,177,86,126,196,58,99,90,221,53,1317,43,50,162,87,25,163,302,854,232,35,616,95,154,241,63,10,42,225,109,481,2202,370,62,164,97,2189,36,148,242,38,101,32,70,232,44,116,56,69,436,119,227,206,59,316,47,310,84,135,71
18:30:00,123,70,221,66,57,549,186,110,83,357,296,314,162,315,22,119,208,63,110,173,394,110,184,621,100,44,149,121,42,758,57,39,79,109,596,301,623,225,0,36,27,114,111,427,12,7,39,48,282,189,195,77,84,121,963,16,41,97,36,43,340,82,608,66,142,304,121,54,85,92,144,375,45,607,103,975,98,18,140,160,222,733,193,137,350,168,33,132,7,63,545,94,65,61,697,217,99,77,46,111,175,79,199,87,54,119,59,243,445,121,71,500,65,137,36,74,92,81,137,22,126,67,40,178,45,60,192,96,2118,71,484,87,62,171,29,1804,291,248,1139,1475,69,69,251,47,346,263,303,19,16,109,165,56,52,105,105,24,1308,26,34,92,118,67,43,29,385,79,460,69,143,1446,1046,36,124,48,1612,152,49,149,66,123,128,61,292,60,79,69,44,278,48,2,44,30,22,34,299,317,549,73,268,56,74,57,563,25,45,71,118,131,122,185,88,118,186,56,94,85,215,54,1229,46,43,163,99,23,154,305,897,242,39,589,91,150,230,51,9,41,228,120,462,2083,371,61,162,97,1910,38,125,249,38,100,31,70,211,29,106,57,75,389,112,236,209,68,295,49,304,75,120,65
18:45:00,122,73,248,69,57,635,198,112,79,339,281,259,190,293,24,117,200,58,111,172,406,103,176,569,102,43,140,127,37,794,53,36,74,109,647,297,582,220,0,34,20,121,114,450,20,5,34,49,281,193,191,73,85,115,948,12,41,96,35,46,337,77,588,73,134,287,122,43,81,89,125,378,41,610,89,926,102,20,156,145,217,638,205,138,340,177,33,144,7,69,523,86,62,54,723,200,99,71,44,111,167,73,173,82,56,124,53,240,464,125,41,536,66,141,33,83,104,80,127,21,121,72,51,191,40,55,192,90,1974,60,394,93,61,167,26,1974,284,231,1141,1454,68,66,242,47,323,250,303,28,13,116,153,55,51,105,104,21,1318,26,36,93,99,72,40,28,387,74,498,64,141,1381,972,36,119,47,1753,158,42,133,64,126,123,63,276,62,79,72,41,198,33,4,45,31,20,31,293,322,537,70,290,43,73,63,538,16,36,70,109,132,117,195,77,118,184,52,97,80,218,43,1204,46,40,166,103,20,153,282,973,220,43,553,111,143,229,87,9,39,236,105,473,2084,382,59,169,95,1885,34,149,217,38,97,27,68,213,24,97,48,74,360,109,219,218,65,253,51,312,72,117,68
19:00:00,113,79,244,69,47,659,189,110,74,328,261,230,192,284,22,111,183,60,111,165,403,94,158,519,101,44,138,118,35,804,59,37,76,111,618,273,560,207,0,37,21,127,114,434,15,6,37,32,285,201,186,56,81,120,957,13,40,87,32,47,354,70,567,73,133,289,116,43,81,88,125,380,36,576,89,889,102,18,154,122,210,594,184,122,335,166,36,140,10,72,476,83,58,48,701,187,91,72,37,128,161,70,165,78,59,129,40,218,426,131,39,536,60,143,35,78,112,77,116,22,123,68,18,185,45,60,198,84,1891,67,339,88,58,156,23,2004,275,240,1137,1362,64,68,233,47,299,234,291,31,13,113,140,58,51,92,94,18,1261,26,38,91,113,66,38,30,363,69,526,58,139,1313,912,33,111,44,1765,168,38,132,59,118,129,66,269,61,67,69,37,262,33,3,45,29,21,35,292,302,509,70,284,40,72,59,533,15,42,66,113,115,118,191,66,111,176,50,90,78,208,40,1087,45,38,157,104,16,150,272,971,199,44,534,113,129,228,94,9,37,239,105,470,1976,358,60,172,92,1833,32,138,221,33,92,26,67,210,17,89,41,68,339,107,223,208,60,241,43,301,70,115,45
19:15:00,112,72,231,69,45,639,183,103,75,305,271,217,160,283,17,110,190,51,105,164,387,91,153,452,98,41,144,111,36,824,60,35,78,107,606,262,519,197,0,39,19,127,110,391,17,8,38,28,297,196,189,47,82,113,903,10,41,84,29,42,336,69,507,69,127,296,111,39,85,83,115,367,34,496,83,790,90,18,151,101,192,559,187,135,306,152,34,135,9,66,422,88,57,53,643,177,88,66,32,115,149,65,158,69,57,118,48,215,423,131,39,482,58,140,33,77,106,81,109,20,131,64,21,144,50,57,192,83,1844,64,300,84,59,144,22,1895,246,232,1146,1268,60,67,222,39,281,213,290,32,10,102,139,61,52,84,91,15,1175,25,40,80,122,59,33,24,367,65,530,49,142,1190,911,32,113,44,1648,170,34,122,58,120,121,63,258,59,71,69,37,231,29,3,42,30,21,33,294,295,489,65,260,39,62,47,499,17,41,68,107,117,109,173,59,110,165,50,84,77,206,42,1031,40,41,151,93,15,146,264,861,185,36,501,103,130,226,96,8,36,239,103,435,1767,332,55,183,87,1704,26,134,210,29,86,25,62,200,17,90,42,64,324,100,231,194,59,233,40,281,65,106,58
19:30:00,110,60,217,60,36,568,158,89,70,290,254,203,113,297,16,105,192,44,104,155,380,86,155,415,100,41,126,107,38,752,60,31,79,103,607,249,489,195,0,33,19,119,110,320,14,6,38,26,290,201,169,45,85,111,793,8,42,82,28,43,306,64,482,60,121,278,110,35,77,87,112,357,33,399,78,693,83,16,149,116,186,500,196,144,260,139,28,131,6,66,402,77,54,52,574,168,85,68,34,101,146,58,143,55,43,114,63,202,393,117,34,404,58,132,33,82,99,80,103,14,129,63,25,139,45,53,181,78,1699,66,251,79,57,134,21,1685,231,215,1033,1167,55,65,214,35,266,208,293,27,10,86,138,60,52,89,88,14,1018,21,34,71,117,57,28,23,352,66,524,49,145,1120,876,32,110,44,1495,152,33,129,50,123,115,61,250,60,70,59,40,212,34,2,45,25,20,26,276,276,444,53,222,37,63,47,437,17,40,70,100,109,101,163,60,113,143,49,73,80,197,47,931,42,39,136,78,14,140,272,755,192,33,486,95,120,215,76,9,32,232,114,389,1479,328,55,172,88,1507,22,117,214,28,87,22,58,181,25,96,43,68,289,88,252,178,68,237,37,271,56,95,66
19:45:00,106,63,214,54,38,573,138,85,63,270,255,192,86,284,18,99,169,44,94,143,362,72,145,371,96,40,120,111,34,716,53,30,73,99,611,246,446,185,0,27,17,125,108,289,10,6,32,21,281,196,162,48,78,108,696,7,43,81,29,39,280,59,510,61,106,284,97,31,67,80,102,352,36,343,73,649,84,14,153,106,179,453,220,130,251,150,26,132,6,69,371,69,44,49,494,146,77,55,36,85,128,60,135,46,40,107,59,200,387,93,29,363,54,122,31,79,94,82,94,13,121,63,27,136,33,41,159,79,1626,58,205,80,52,138,20,1585,221,187,980,1063,51,60,214,29,228,197,291,28,9,74,126,57,49,95,88,14,810,19,29,59,91,54,26,22,343,61,565,47,132,1028,828,32,109,40,1438,133,35,128,46,114,107,57,231,56,65,52,38,152,27,2,41,30,17,22,260,267,400,50,191,32,57,43,373,15,34,67,87,105,91,149,56,107,124,43,70,78,190,43,871,38,35,132,58,14,130,261,676,177,29,417,97,115,207,79,12,33,233,99,364,1353,310,53,153,83,1314,24,112,180,25,90,21,51,173,21,96,41,66,254,78,219,176,62,202,34,270,52,93,59
20:00:00,99,55,197,52,30,542,135,78,59,250,241,171,79,265,17,88,155,50,81,135,330,64,131,335,93,36,106,105,26,658,50,29,61,95,573,232,406,175,0,30,17,123,99,269,6,5,30,38,271,189,153,42,71,95,625,12,45,79,25,36,255,56,478,57,100,263,96,34,63,74,102,340,42,308,71,640,72,10,135,102,161,420,187,109,237,132,25,119,8,65,329,63,38,39,418,114,63,53,30,79,119,57,127,34,38,101,48,167,361,82,27,330,47,118,35,67,91,76,75,17,114,55,9,138,33,39,148,75,1500,57,156,79,52,133,18,1473,211,176,950,989,42,57,207,29,211,173,267,22,9,63,107,58,39,88,78,16,616,18,31,57,91,45,28,21,301,55,574,43,124,920,772,28,100,38,1329,127,32,123,45,101,101,49,212,48,57,51,35,186,30,0,36,27,17,19,250,240,360,54,161,33,54,43,340,16,32,55,81,91,87,135,49,89,109,35,63,76,175,36,764,34,34,129,47,13,123,228,616,160,26,401,96,103,187,70,18,32,201,86,349,1259,290,47,126,73,1231,24,101,162,20,83,20,52,156,31,83,32,58,230,71,181,165,53,187,29,245,45,92,42
20:15:00,89,43,182,47,28,510,133,71,55,224,236,152,75,226,16,79,148,46,71,125,302,58,127,297,87,32,100,99,28,615,43,30,48,88,583,220,381,170,0,31,18,115,87,248,12,6,25,32,273,186,152,36,56,85,577,13,40,78,23,34,225,56,416,56,96,257,84,32,57,70,82,312,40,272,68,587,59,11,120,80,141,363,157,106,227,132,21,104,7,53,281,64,34,40,356,106,57,51,27,75,111,56,110,27,34,88,44,155,356,81,23,293,43,106,33,66,90,71,62,17,105,54,15,146,38,30,146,72,1457,50,131,71,52,120,17,1341,201,170,909,915,45,53,193,29,201,160,244,22,8,60,100,63,33,77,75,16,504,17,32,56,84,39,27,16,278,47,574,39,118,807,695,25,88,39,1212,116,25,114,46,92,88,41,194,48,54,52,32,140,24,0,33,22,13,16,237,234,330,51,148,35,45,37,312,11,27,54,82,82,78,123,45,74,102,32,54,70,170,33,702,32,31,122,43,12,119,203,580,149,23,394,89,91,178,90,16,30,192,83,339,1173,264,41,109,63,1130,24,91,147,21,69,16,49,150,27,72,24,53,212,63,149,155,55,116,28,219,37,81,43
20:30:00,80,47,168,43,23,460,121,64,51,194,199,148,71,221,15,72,154,41,67,120,289,54,125,260,79,31,88,93,32,560,40,27,53,89,571,213,363,165,0,28,19,106,79,221,10,4,24,34,270,186,135,32,64,84,536,12,34,69,23,35,224,51,398,56,99,238,83,28,62,66,80,286,35,242,63,538,51,11,113,77,135,366,127,101,211,122,18,85,4,45,262,57,30,42,323,106,54,50,27,74,111,48,83,27,25,96,42,132,331,81,21,255,37,110,29,69,79,67,55,14,95,54,20,149,34,28,142,62,1312,45,102,73,50,107,16,1189,197,164,864,855,42,49,179,25,202,157,240,23,7,62,101,67,36,73,73,11,421,16,28,57,79,39,27,17,243,45,551,38,118,726,668,18,72,38,1159,110,23,102,40,81,85,40,182,45,52,43,27,167,20,0,33,17,14,16,222,223,293,42,133,33,45,40,284,9,24,50,77,76,73,121,43,71,95,32,52,69,161,31,610,28,27,110,49,11,108,192,560,146,26,394,78,79,176,62,11,27,195,88,329,1065,267,43,102,57,1063,24,88,152,22,66,18,48,137,25,73,24,53,189,62,152,153,47,115,24,198,30,72,57
20:45:00,84,46,165,40,19,431,115,63,49,173,187,142,63,220,13,67,119,41,66,108,262,53,115,222,75,31,94,91,30,511,37,26,55,81,547,197,318,160,0,21,15,102,74,208,7,5,23,7,268,174,128,32,69,85,485,7,31,60,21,33,208,52,385,49,80,240,73,21,66,63,74,278,27,228,55,483,50,10,108,82,130,337,130,91,216,118,17,77,3,44,252,63,25,41,302,98,52,42,27,73,98,48,75,20,23,94,38,129,307,68,21,241,34,107,21,65,70,66,50,10,84,51,23,134,28,24,137,63,1206,43,92,70,47,108,15,1052,182,157,796,788,39,45,167,22,177,143,224,21,4,57,95,68,37,60,72,10,353,16,23,50,72,37,24,15,228,43,566,36,103,673,574,19,66,30,1076,102,23,106,36,70,80,40,171,38,47,41,23,129,15,0,31,17,13,17,209,213,263,39,116,29,44,36,264,15,22,47,65,72,69,117,42,70,84,30,55,66,149,31,580,26,26,98,54,10,97,192,541,138,26,415,71,76,164,32,6,27,185,93,325,995,252,45,97,52,970,22,84,128,21,57,18,46,126,8,70,26,51,160,59,141,144,37,128,23,175,26,68,51
21:00:00,84,45,161,39,15,386,111,61,45,160,174,136,54,219,12,64,127,42,58,102,250,50,111,195,77,29,88,83,24,469,38,21,51,73,504,183,302,152,0,24,16,93,67,189,5,4,23,13,227,153,117,30,71,74,406,6,31,50,20,31,201,46,363,44,72,220,73,21,63,62,72,274,28,216,51,443,51,10,94,73,117,356,118,76,210,99,17,66,7,44,241,51,22,34,280,81,47,47,22,64,92,46,65,13,25,90,36,128,256,60,19,222,33,103,19,63,70,66,46,10,82,41,5,117,27,25,126,59,1058,40,87,61,47,117,14,955,175,145,742,748,36,40,157,18,161,130,201,18,4,48,96,71,34,56,72,10,286,15,24,49,64,35,23,12,223,42,520,34,97,629,591,16,60,25,1003,98,21,99,33,64,71,40,164,29,45,32,24,133,17,0,29,16,13,15,207,189,246,40,101,26,43,37,240,16,25,44,59,62,68,116,38,68,75,26,53,58,139,28,497,23,25,99,54,8,84,171,503,135,23,214,69,68,153,22,6,25,161,80,294,943,229,33,89,48,896,17,79,137,19,55,17,46,118,9,68,23,43,142,54,131,131,32,88,19,159,26,60,45
21:15:00,78,42,159,37,21,344,106,56,40,158,159,136,51,189,11,64,108,36,52,99,254,46,101,172,77,27,76,82,21,424,36,22,44,71,507,172,301,142,0,23,15,86,64,186,8,5,18,9,209,142,107,27,56,72,343,6,28,50,20,29,175,44,334,41,69,199,63,20,57,64,71,273,27,199,50,400,43,10,88,67,102,309,109,89,217,95,16,52,6,39,230,53,20,32,265,76,40,47,17,47,81,50,65,12,25,76,37,120,234,63,23,208,30,90,18,56,66,61,44,9,81,37,10,108,24,19,126,55,1091,38,75,49,47,115,12,877,177,140,705,719,36,37,152,19,149,124,202,11,5,42,87,80,30,57,71,12,243,13,21,49,67,32,21,12,205,39,470,31,96,582,598,17,61,23,890,93,19,94,33,66,63,34,160,26,39,40,24,83,15,0,25,14,12,11,204,188,223,37,93,26,38,30,222,12,26,42,58,54,57,118,38,68,72,23,44,55,134,29,479,23,22,95,44,9,79,155,465,125,19,253,70,62,142,60,5,23,149,70,292,916,210,33,73,46,853,15,67,141,21,49,14,44,116,15,68,20,35,135,50,121,132,39,63,18,145,24,55,40
21:30:00,75,40,144,40,26,303,90,57,37,153,154,137,55,186,12,62,121,39,53,99,233,43,101,155,72,27,76,76,20,411,36,20,42,76,495,171,299,132,0,19,11,83,59,175,5,5,16,23,199,145,99,20,51,72,305,6,28,53,21,29,178,42,343,43,70,190,58,21,51,59,71,272,24,185,46,379,39,9,88,73,97,308,93,85,207,102,14,46,5,39,222,44,18,30,263,71,39,50,18,42,86,48,52,12,26,80,34,115,219,63,23,196,26,84,16,58,66,62,44,10,79,36,13,110,19,21,117,48,1088,34,68,48,43,109,10,801,175,141,655,712,33,38,152,17,153,127,206,18,5,43,85,90,31,64,72,11,227,14,17,51,66,38,20,14,180,41,448,30,93,555,590,14,50,25,881,93,19,88,31,59,65,34,152,23,38,38,23,90,13,0,22,13,11,10,194,187,201,31,89,26,38,25,202,13,24,38,65,55,57,118,35,65,70,23,39,54,137,27,414,20,22,87,39,8,77,163,408,124,20,239,59,61,145,58,4,25,147,66,279,914,217,36,70,43,825,16,63,154,18,48,14,41,108,21,60,14,35,128,52,123,128,47,90,16,154,20,60,35
21:45:00,75,30,133,36,16,279,93,57,39,146,156,133,60,178,10,58,99,29,54,92,215,44,94,141,67,28,77,74,22,405,37,20,40,75,490,165,291,126,0,15,6,75,60,170,7,4,14,8,208,136,101,19,49,70,276,5,27,52,18,27,175,45,320,41,61,184,48,18,50,62,63,267,21,160,44,333,37,8,89,85,96,282,100,81,199,103,15,42,4,38,227,48,17,32,246,69,41,45,20,56,87,49,55,11,23,72,32,119,221,62,18,190,25,84,14,52,62,61,39,8,70,32,11,105,16,20,116,45,1103,32,65,46,47,109,10,737,167,134,644,666,26,35,154,16,145,123,183,16,4,41,81,87,29,56,67,12,220,14,16,50,61,35,15,13,165,39,457,30,93,540,525,16,53,26,828,90,19,89,30,54,68,31,142,22,40,39,20,101,13,0,20,13,10,10,193,183,186,30,83,25,42,23,209,22,19,40,57,56,52,114,34,57,69,23,39,50,132,26,430,22,21,81,36,8,85,163,371,117,21,233,63,62,143,43,5,18,124,71,287,911,209,38,73,42,830,14,70,120,18,43,12,39,100,24,53,12,35,114,50,109,119,47,105,16,156,22,56,40
22:00:00,75,34,113,36,10,260,98,57,39,134,147,134,57,169,10,55,109,28,52,86,208,46,94,134,65,29,85,78,24,406,36,16,34,70,444,167,281,130,0,18,11,72,61,156,3,2,15,10,183,123,99,22,45,62,249,5,22,47,17,27,188,42,327,42,62,173,52,20,47,67,62,266,15,143,43,340,39,9,85,92,96,294,90,71,203,99,15,44,7,40,241,35,21,27,247,74,42,49,19,58,94,46,54,10,20,76,27,115,187,61,13,172,28,80,12,58,65,68,40,9,75,28,18,110,17,22,111,50,1055,32,66,41,50,116,11,680,163,126,634,668,23,34,149,15,143,128,182,16,5,41,82,76,24,57,66,10,218,14,17,50,49,32,15,11,164,40,430,30,90,513,529,12,50,25,781,96,19,84,31,55,62,29,142,22,40,28,22,99,21,1,22,15,11,11,210,171,190,30,82,23,45,23,203,22,21,41,57,57,60,110,32,56,67,23,44,45,124,22,388,20,21,84,37,7,84,154,348,120,23,243,70,58,142,44,4,20,109,67,291,952,194,29,78,42,899,14,71,123,18,48,12,36,106,15,52,11,34,106,44,100,115,39,85,15,153,24,54,45
22:15:00,74,36,116,34,19,246,105,53,44,138,144,143,55,162,9,52,105,28,52,92,224,47,91,136,63,29,82,84,23,416,30,20,36,66,412,177,301,140,0,21,14,72,57,168,6,2,14,18,197,123,104,26,49,67,212,6,20,52,17,29,181,46,336,41,66,164,60,16,51,68,74,277,14,153,46,411,40,7,92,101,93,269,93,83,238,91,15,42,6,40,252,46,21,24,261,82,38,49,17,48,95,44,58,11,15,72,29,106,205,66,14,181,32,85,12,60,64,65,43,9,81,30,24,101,18,20,118,60,1099,35,68,42,54,129,12,672,168,132,680,705,28,35,151,15,154,143,182,8,6,48,74,69,26,51,66,11,219,12,12,49,60,31,16,13,157,39,394,30,88,485,578,11,50,25,715,103,19,70,35,55,65,28,159,26,39,38,26,72,18,2,21,12,10,11,248,178,190,32,82,26,43,23,217,13,20,39,49,63,60,123,33,64,66,25,53,45,130,23,410,22,22,91,38,7,81,146,346,129,24,279,66,70,137,57,5,22,105,64,325,1060,188,29,82,47,989,14,61,128,18,49,13,35,125,16,55,16,30,103,44,95,128,32,72,18,141,25,55,44
22:30:00,81,38,118,40,26,238,119,59,48,148,162,161,53,169,10,53,110,37,63,100,223,56,104,146,66,31,88,87,21,429,31,19,36,70,387,191,342,149,0,24,12,73,49,175,4,3,14,18,201,139,108,29,49,76,195,7,23,55,18,34,193,49,364,44,80,170,70,21,50,74,74,295,15,184,45,473,39,7,92,104,103,262,92,68,285,97,15,43,5,43,248,40,23,22,287,79,37,56,19,27,97,39,56,13,17,71,34,114,201,66,17,196,35,81,12,61,70,65,45,13,92,30,24,99,18,26,124,62,1216,37,68,41,51,150,11,656,171,144,690,810,31,39,159,17,174,172,201,10,6,56,83,66,30,48,67,9,237,14,12,55,61,38,18,13,164,39,409,34,84,468,664,11,50,24,684,116,21,75,36,56,70,37,176,26,41,35,29,64,15,2,22,12,14,17,262,179,204,33,84,29,45,26,224,7,24,41,55,71,59,141,36,74,73,28,70,52,133,21,409,20,24,104,42,8,87,158,333,142,23,341,60,83,140,34,6,22,122,59,330,1127,207,28,94,51,1177,15,61,157,17,51,17,37,129,18,56,21,32,107,46,101,134,35,89,20,144,25,61,35
22:45:00,83,40,135,40,20,248,128,63,56,153,185,167,55,172,11,56,119,29,74,103,231,61,108,144,67,30,88,94,26,434,35,22,37,74,423,186,400,151,0,24,9,76,54,185,9,4,15,2,226,144,119,32,51,86,178,7,27,48,16,31,169,53,380,44,83,182,71,21,49,75,72,311,21,177,46,460,39,8,98,86,107,283,95,74,303,112,18,41,4,47,233,50,25,30,297,87,37,46,19,38,93,42,57,17,16,75,38,137,210,72,24,196,32,83,14,53,64,58,40,14,91,34,15,95,16,28,135,59,1277,34,63,42,52,168,11,644,195,148,724,887,33,41,165,18,167,185,197,11,7,56,92,73,28,48,67,12,236,15,11,57,62,40,21,13,168,39,433,34,92,425,715,14,56,23,637,113,26,73,35,58,80,39,181,23,42,44,29,104,13,2,23,14,14,19,266,176,209,32,78,33,45,22,233,7,21,45,57,77,55,155,38,74,72,33,73,53,131,22,448,22,24,104,37,8,98,169,318,137,23,352,67,93,150,24,5,17,129,59,343,1122,220,33,96,51,1313,14,55,150,20,56,19,36,138,15,52,23,32,103,46,97,133,44,86,23,150,25,64,40
23:00:00,83,44,137,43,21,261,141,69,58,142,186,158,55,161,14,61,130,26,78,105,235,58,116,121,71,28,91,97,33,458,35,21,39,78,433,195,392,149,0,28,18,77,58,197,6,4,17,9,226,150,123,36,53,86,157,7,25,45,20,30,173,52,368,39,84,170,71,25,56,64,69,355,20,156,48,423,38,10,99,70,109,340,80,77,267,122,16,35,4,44,205,40,29,31,288,87,39,50,15,40,88,43,61,18,14,91,37,131,195,82,26,175,31,79,15,52,59,59,34,12,93,32,23,93,15,34,145,61,1219,33,57,41,54,163,12,592,198,146,709,941,36,42,173,15,151,180,203,9,7,56,105,79,24,61,66,14,220,17,13,65,57,36,25,12,167,46,418,32,100,353,635,14,49,24,595,112,28,81,33,67,79,40,177,22,43,45,26,120,26,2,24,16,17,14,240,168,212,31,70,37,48,25,210,13,25,48,72,77,70,153,36,73,62,35,71,56,135,23,429,23,25,105,34,8,99,172,284,131,27,306,80,85,160,24,4,18,110,64,386,1088,205,36,84,52,1364,17,57,156,18,61,18,35,140,9,52,20,34,92,44,94,130,53,92,22,162,21,77,38
23:15:00,85,38,135,40,37,265,136,66,61,138,198,144,60,164,11,58,119,27,68,108,224,51,113,94,73,28,88,95,30,457,37,27,44,76,424,200,369,155,0,27,22,77,54,193,9,3,17,7,244,156,128,39,58,90,125,8,25,46,20,32,176,56,362,40,93,162,65,27,68,46,62,365,20,127,68,427,39,9,110,77,104,375,90,81,226,132,16,27,4,36,167,48,30,34,316,81,42,49,13,36,88,51,67,18,12,92,43,125,226,84,23,153,32,86,17,50,54,54,29,12,93,32,22,83,15,34,148,64,1150,36,51,37,54,141,11,531,197,158,679,917,41,43,192,11,127,168,197,13,8,57,108,81,28,57,71,15,234,17,13,65,62,32,25,14,152,44,391,33,112,313,543,12,50,28,541,100,29,77,32,65,83,40,162,25,46,53,22,105,26,2,23,16,15,14,209,184,205,34,66,43,49,29,182,14,23,53,66,80,76,148,33,68,57,34,71,55,142,24,440,22,27,106,30,9,107,170,280,134,30,256,73,86,171,25,3,21,103,68,404,1042,204,35,71,51,1241,17,53,148,20,60,19,34,149,16,49,27,30,71,43,96,139,55,107,26,166,19,76,46
23:30:00,89,45,123,40,46,255,139,63,64,142,199,134,63,165,11,58,87,31,64,110,239,43,124,88,79,30,95,96,27,471,39,22,48,78,407,214,340,167,0,25,19,79,45,177,5,3,18,11,226,150,119,38,59,96,100,8,21,42,23,35,210,50,326,44,92,168,75,28,68,50,51,383,19,113,68,438,36,8,112,85,103,370,88,65,207,136,18,28,5,34,134,40,33,31,368,70,44,56,14,32,94,46,74,17,13,82,48,103,253,75,24,135,32,100,17,52,60,51,28,13,103,30,18,85,12,38,153,58,1112,39,47,34,44,121,12,481,212,166,643,881,37,42,221,12,111,153,219,11,9,54,116,71,27,58,79,12,252,19,14,70,57,34,23,16,152,44,368,33,117,294,501,10,50,27,482,100,31,87,32,79,84,41,155,25,53,41,21,82,23,2,19,15,19,18,180,204,211,33,67,34,53,32,165,13,32,59,65,82,74,136,30,69,55,31,81,62,155,21,419,22,24,98,31,10,118,183,260,133,30,228,70,86,179,20,3,19,115,65,403,957,258,33,72,49,1098,15,53,156,19,53,20,37,144,19,56,21,28,59,46,106,152,52,135,23,170,17,72,46
23:45:00,92,50,119,36,37,236,140,64,65,130,208,130,58,168,10,60,73,29,66,112,255,35,133,79,76,30,109,109,30,504,40,25,52,81,390,216,330,165,0,20,13,75,42,140,10,2,22,19,238,150,126,33,61,104,84,8,18,40,20,29,172,52,315,51,89,191,73,26,62,49,51,377,19,90,59,386,30,9,107,85,103,348,91,75,194,126,24,27,2,36,118,47,29,34,368,69,41,41,13,31,98,41,73,15,11,91,48,98,261,81,29,117,31,103,16,44,59,44,25,16,110,35,12,93,11,30,156,47,1000,35,42,37,37,115,12,429,224,174,574,805,41,41,224,13,99,112,225,14,8,43,111,66,28,52,84,10,241,18,12,70,63,37,24,19,147,46,343,32,114,277,456,10,57,26,436,97,31,83,35,70,85,34,151,27,47,44,23,117,18,2,20,15,14,22,162,214,207,38,67,35,53,29,156,11,26,67,66,81,75,126,26,65,50,34,73,59,171,19,410,20,21,91,29,8,128,206,234,132,31,216,70,95,197,22,3,18,142,66,419,848,273,37,68,50,873,14,50,136,23,49,18,38,136,23,54,23,30,52,47,104,160,40,131,23,187,15,62,52
